"ID","Title","Viewed","URL"
44585,"Dad Is A Hero, Mom Is A Spirit, I'm A Reincarnator","Chapter 66","https://www.mangakakalot.gg/manga/dad-is-a-hero-mom-is-a-spirit-i-m-a-reincarnator/chapter-66"
6086,"Noa-senpai wa Tomodachi.","Chapter 14","https://www.mangakakalot.gg/manga/noa-senpai-wa-tomodachi/chapter-14"
43419,"Kaettekita Motoyuusha","Chapter 8.1","https://www.mangakakalot.gg/manga/kaettekita-motoyuusha/chapter-8-1"
27877,"Heavenly Jewel Change","Chapter 61","https://www.mangakakalot.gg/manga/heavenly-jewel-change/chapter-61"
43639,"The Person Sitting Next To Me Looking At Me With Perverted Eyes","Chapter 48","https://www.mangakakalot.gg/manga/the-person-sitting-next-to-me-looking-at-me-with-perverted-eyes/chapter-48"
35099,"Sakamoto Days","Chapter 176","https://www.mangakakalot.gg/manga/sakamoto-days/chapter-176"
45210,"The Foolish Angel Dances With Demons","Chapter 49","https://www.mangakakalot.gg/manga/the-foolish-angel-dances-with-demons/chapter-49"
42762,"Kawaii Kouhai Ni Iwasaretai","Chapter 65","https://www.mangakakalot.gg/manga/kawaii-kouhai-ni-iwasaretai/chapter-65"
30562,"Fushigi No Mayuri-San","Chapter 49","https://www.mangakakalot.gg/manga/fushigi-no-mayuri-san/chapter-49"
33985,"The Eminence In Shadow","Chapter 1","https://www.mangakakalot.gg/manga/the-eminence-in-shadow/chapter-1"
20682,"Dore ga Koi Ka ga Wakaranai","Chapter 1","https://www.mangakakalot.gg/manga/dore-ga-koi-ka-ga-wakaranai/chapter-1"
39502,"Temple","Chapter 1","https://www.mangakakalot.gg/manga/temple/chapter-1"
7148,"One Piece","Chapter 12","https://www.mangakakalot.gg/manga/one-piece/chapter-12"
35260,"Mairimashita! Iruma-Kun","Chapter 426","https://www.mangakakalot.gg/manga/mairimashita-iruma-kun/chapter-426"
29671,"Yankee Jk Kuzuhana-Chan","Chapter 1","https://www.mangakakalot.gg/manga/yankee-jk-kuzuhana-chan/chapter-1"
313,"Kobayashi-San Chi No Maid Dragon","Chapter 122","https://www.mangakakalot.gg/manga/kobayashi-san-chi-no-maid-dragon/chapter-122"
10074,"Schäferhund","Chapter 20","https://www.mangakakalot.gg/manga/schaferhund/chapter-20"
42871,"Rebuild World","Chapter 37","https://www.mangakakalot.gg/manga/rebuild-world/chapter-37"
28034,"Tales Of Demons And Gods","Chapter 490.6","https://www.mangakakalot.gg/manga/tales-of-demons-and-gods/chapter-490-6"
31901,"Deadpool: Samurai","Chapter 11","https://www.mangakakalot.gg/manga/deadpool-samurai/chapter-11"
44739,"The Results From When I Time Leaped To My Second Year Of High School And Confessed To The Teacher I Liked At The Time","Chapter 55.5","https://www.mangakakalot.gg/manga/the-results-from-when-i-time-leaped-to-my-second-year-of-high-school-and-confessed-to-the-teacher-i-liked-at-the-time/chapter-55-5"
36209,"Is a mother in her 30s like me alright?","Chapter 12","https://www.mangakakalot.gg/manga/is-a-mother-in-her-30s-like-me-alright/chapter-12"
28151,"Alya Sometimes Hides Her Feelings In Russian","Chapter 58","https://www.mangakakalot.gg/manga/alya-sometimes-hides-her-feelings-in-russian/chapter-58"
630,"Saving 80,000 Gold Coins In The Different World For My Old Age","Chapter 75","https://www.mangakakalot.gg/manga/saving-80000-gold-coins-in-the-different-world-for-my-old-age/chapter-75"
43018,"Heisei Haizanhei ☆ Sumire-Chan","Chapter 7","https://www.mangakakalot.gg/manga/heisei-haizanhei-sumire-chan/chapter-7"
33368,"Tune In To The Midnight Heart","Chapter 103","https://www.mangakakalot.gg/manga/tune-in-to-the-midnight-heart/chapter-103"
28256,"My Charms Are Wasted On Kuroiwa Medaka","Chapter 1","https://www.mangakakalot.gg/manga/my-charms-are-wasted-on-kuroiwa-medaka/chapter-1"
40077,"In Another World With My Smartphone","Chapter 70","https://www.mangakakalot.gg/manga/in-another-world-with-my-smartphone/chapter-70"
255,"Fairy Tail: 100 Years Quest","Chapter 203","https://www.mangakakalot.gg/manga/fairy-tail-100-years-quest/chapter-203"
5875,"Tokyo Ghoul","Chapter 125","https://www.mangakakalot.gg/manga/tokyo-ghoul/chapter-125"
38276,"The Struggle Of Being Reincarnated As The Marquess's Daughter: I'll Deal With What’S Coming To Me!","Chapter 18","https://www.mangakakalot.gg/manga/the-struggle-of-being-reincarnated-as-the-marquess-s-daughter-i-ll-deal-with-whats-coming-to-me/chapter-18"
44853,"Akuyaku Reijou Desu Ga, Watashi O Anata No Seidorei Ni Shite Kudasai!","Chapter 4","https://www.mangakakalot.gg/manga/akuyaku-reijou-desu-ga-watashi-o-anata-no-seidorei-ni-shite-kudasai/chapter-4"
29852,"May I Ask For One Final Thing?","Chapter 11","https://www.mangakakalot.gg/manga/may-i-ask-for-one-final-thing/chapter-11"
30617,"Ponkotsu-Chan Kenshouchuu","Chapter 30","https://www.mangakakalot.gg/manga/ponkotsu-chan-kenshouchuu/chapter-30"
29931,"Sawaranaide Kotesashi-Kun","Chapter 30","https://www.mangakakalot.gg/manga/sawaranaide-kotesashi-kun/chapter-30"
45303,"The Demon King’s Daughter Is Too Kind","Chapter 37","https://www.mangakakalot.gg/manga/the-demon-kings-daughter-is-too-kind/chapter-37"
27524,"Expressionless Kashiwada-San And Emotional Oota-Kun","Chapter 66","https://www.mangakakalot.gg/manga/expressionless-kashiwada-san-and-emotional-oota-kun/chapter-66"
35422,"Spy X Family","Chapter 113","https://www.mangakakalot.gg/manga/spy-x-family/chapter-113"
30587,"Isekai Meikyuu De Harem O","Chapter 61","https://www.mangakakalot.gg/manga/isekai-meikyuu-de-harem-o/chapter-61"
38065,"Gal Can’t Be Kind to Otaku!?","Chapter 81","https://www.mangakakalot.gg/manga/gal-cant-be-kind-to-otaku/chapter-81"
44578,"Boku wa Kimitachi wo Shihai suru","Chapter 12","https://www.mangakakalot.gg/manga/boku-wa-kimitachi-wo-shihai-suru/chapter-12"
41761,"Gokushufudou: The Way Of The House Husband","Chapter 89","https://www.mangakakalot.gg/manga/gokushufudou-the-way-of-the-house-husband/chapter-89"
1955,"The 100 Girlfriends Who Really, Really, Really, Really, Really Love You","Chapter 20","https://www.mangakakalot.gg/manga/the-100-girlfriends-who-really-really-really-really-really-love-you/chapter-20"
41013,"You Still Call Yourselves Teachers?","Chapter 9.1","https://www.mangakakalot.gg/manga/you-still-call-yourselves-teachers/chapter-9-1"
41912,"Please Go Home, Akutsu-San!","Chapter 198.6","https://www.mangakakalot.gg/manga/please-go-home-akutsu-san/chapter-198-6"
35289,"Kimi ni Koisuru Sanshimai","Chapter 8","https://www.mangakakalot.gg/manga/kimi-ni-koisuru-sanshimai/chapter-8"
36219,"I Don't Really Get It, But It Looks Like I Was Reincarnated In An Another World","Chapter 20","https://www.mangakakalot.gg/manga/i-don-t-really-get-it-but-it-looks-like-i-was-reincarnated-in-an-another-world/chapter-20"
37769,"Isekai Maou To Shoukan Shoujo Dorei Majutsu","Chapter 87.2","https://www.mangakakalot.gg/manga/isekai-maou-to-shoukan-shoujo-dorei-majutsu/chapter-87-2"
35256,"Maou No Ore Ga Dorei Elf Wo Yome Ni Shitanda Ga, Dou Medereba Ii?","Chapter 1","https://www.mangakakalot.gg/manga/maou-no-ore-ga-dorei-elf-wo-yome-ni-shitanda-ga-dou-medereba-ii/chapter-1"
158,"Confinement King","Chapter 7","https://www.mangakakalot.gg/manga/confinement-king/chapter-7"
39037,"Welcome To The Impregnable Demon King Castle ~The Black Mage Who Got Kicked Out Of The Hero Party Due To His Unnecessary Debuffs Gets Welcomed By The Top Brass Of The Demon King's Army~","Chapter 17","https://www.mangakakalot.gg/manga/welcome-to-the-impregnable-demon-king-castle-the-black-mage-who-got-kicked-out-of-the-hero-party-due-to-his-unnecessary-debuffs-gets-welcomed-by-the-top-brass-of-the-demon-king-s-army/chapter-17"
911,"A Story About Smoking At The Back Of The Supermarket","Chapter 56","https://www.mangakakalot.gg/manga/a-story-about-smoking-at-the-back-of-the-supermarket/chapter-56"
27928,"Shiboritoranaide, Onna Shounin-san","Chapter 35.5","https://www.mangakakalot.gg/manga/shiboritoranaide-onna-shounin-san/chapter-35-5"
45226,"Kitsune no Oyome-chan","Chapter 19","https://www.mangakakalot.gg/manga/kitsune-no-oyome-chan/chapter-19"
44432,"Koori no Jouheki","Chapter 1","https://www.mangakakalot.gg/manga/koori-no-jouheki/chapter-1"
45534,"D-Frag!","Chapter 144","https://www.mangakakalot.gg/manga/d-frag/chapter-144"
1030,"Yancha Gal No Anjou-San","Chapter 214","https://www.mangakakalot.gg/manga/yancha-gal-no-anjou-san/chapter-214"
44503,"Okinawa de Suki ni Natta Ko ga Hougen Sugite Tsura Sugiru","Chapter 15","https://www.mangakakalot.gg/manga/okinawa-de-suki-ni-natta-ko-ga-hougen-sugite-tsura-sugiru/chapter-15"
33495,"Record Of Ragnarok","Chapter 71","https://www.mangakakalot.gg/manga/record-of-ragnarok/chapter-71"
27849,"Tensei Shitara Slime Datta Ken","Chapter 136","https://www.mangakakalot.gg/manga/tensei-shitara-slime-datta-ken/chapter-136"
43916,"Blue Box","Chapter 149","https://www.mangakakalot.gg/manga/blue-box/chapter-149"
44976,"Witch Watch","Chapter 72","https://www.mangakakalot.gg/manga/witch-watch/chapter-72"
36386,"She Was Actually My Stepsister","Chapter 5","https://www.mangakakalot.gg/manga/she-was-actually-my-stepsister/chapter-5"
16632,"Slave Of The Magic Capital's Elite Troops","Chapter 92","https://www.mangakakalot.gg/manga/slave-of-the-magic-capital-s-elite-troops/chapter-92"
38177,"New Normal","Chapter 22","https://www.mangakakalot.gg/manga/new-normal/chapter-22"
13238,"Kono Kaisha ni Suki na Hito ga Imasu","Chapter 93","https://www.mangakakalot.gg/manga/kono-kaisha-ni-suki-na-hito-ga-imasu/chapter-93"
28866,"There Was a Cute Girl in the Hero’s Party, so I Tried Confessing to Her","Chapter 8.2","https://www.mangakakalot.gg/manga/there-was-a-cute-girl-in-the-heros-party-so-i-tried-confessing-to-her/chapter-8-2"
12431,"Class de 2 Banme ni Kawaii Onna no Ko to Tomodachi ni Natta","Chapter 32.3","https://www.mangakakalot.gg/manga/class-de-2-banme-ni-kawaii-onna-no-ko-to-tomodachi-ni-natta/chapter-32-3"
40507,"Itoko no Onee-chan ni Amaechau?","Chapter 8","https://www.mangakakalot.gg/manga/itoko-no-onee-chan-ni-amaechau/chapter-8"
33213,"High Score Girl DASH","Chapter 18","https://www.mangakakalot.gg/manga/high-score-girl-dash/chapter-18"
45383,"Story of a Small Senior In My Company","Chapter 9","https://www.mangakakalot.gg/manga/story-of-a-small-senior-in-my-company/chapter-9"
33996,"Demon X Angel, Can't Get Along!","Chapter 126.1","https://www.mangakakalot.gg/manga/demon-x-angel-can-t-get-along/chapter-126-1"
38957,"Isekai Cheat Magic Swordsman","Chapter 21.2","https://www.mangakakalot.gg/manga/isekai-cheat-magic-swordsman/chapter-21-2"
35439,"Mahou Tsukai No Yome","Chapter 86","https://www.mangakakalot.gg/manga/mahou-tsukai-no-yome/chapter-86"
32765,"Kaiko Sareta Ankoku Heishi (30-Dai) No Slow Na Second Life","Chapter 35","https://www.mangakakalot.gg/manga/kaiko-sareta-ankoku-heishi-30-dai-no-slow-na-second-life/chapter-35"
1212,"Four Knights Of The Apocalypse","Chapter 221","https://www.mangakakalot.gg/manga/four-knights-of-the-apocalypse/chapter-221"
41942,"Tenkaichi - Nihon Saikyou Bugeisha Ketteisen","Chapter 19","https://www.mangakakalot.gg/manga/tenkaichi-nihon-saikyou-bugeisha-ketteisen/chapter-19"
42374,"Goddess Café Terrace","Chapter 194","https://www.mangakakalot.gg/manga/goddess-cafe-terrace/chapter-194"
28085,"Isekai Nonbiri Nouka","Chapter 179","https://www.mangakakalot.gg/manga/isekai-nonbiri-nouka/chapter-179"
35039,"That Time I Was Reincarnated As A Slime Strange Tales: Monster Country Life Of Trinity","Chapter 6","https://www.mangakakalot.gg/manga/that-time-i-was-reincarnated-as-a-slime-strange-tales-monster-country-life-of-trinity/chapter-6"
40554,"Tensei Shitara Slime Datta Ken Ibun ~Makoku Gurashi No Trinity~","Chapter 46","https://www.mangakakalot.gg/manga/tensei-shitara-slime-datta-ken-ibun-makoku-gurashi-no-trinity/chapter-46"
12383,"The cool classmate ◯◯ years later...","Chapter 116","https://www.mangakakalot.gg/manga/the-cool-classmate-oo-years-later/chapter-116"
41198,"Boukensha Ni Naritai To Miyako Ni Deteitta Musume Ga S Rank Ni Natteta","Chapter 28","https://www.mangakakalot.gg/manga/boukensha-ni-naritai-to-miyako-ni-deteitta-musume-ga-s-rank-ni-natteta/chapter-28"
43773,"The Angel Next Door Spoils Me Rotten","Chapter 22.1","https://www.mangakakalot.gg/manga/the-angel-next-door-spoils-me-rotten/chapter-22-1"
31548,"Honey Lemon Soda","Chapter 71","https://www.mangakakalot.gg/manga/honey-lemon-soda/chapter-71"
37589,"Weak-kneed Teacher","Chapter 3","https://www.mangakakalot.gg/manga/weak-kneed-teacher/chapter-3"
36366,"Ms. Corporate Slave Wants To Be Healed By A Loli Spirit","Chapter 35","https://www.mangakakalot.gg/manga/ms-corporate-slave-wants-to-be-healed-by-a-loli-spirit/chapter-35"
35974,"Shinka No Mi","Chapter 37.3","https://www.mangakakalot.gg/manga/shinka-no-mi/chapter-37-3"
1434,"The World Of Otome Games Is Tough For Mobs","Chapter 48","https://www.mangakakalot.gg/manga/the-world-of-otome-games-is-tough-for-mobs/chapter-48"
44973,"Tou No Kanri O Shite Miyou","Chapter 49","https://www.mangakakalot.gg/manga/tou-no-kanri-o-shite-miyou/chapter-49"
44892,"Tono No Kanri O Shite Miyou","Chapter 48","https://www.mangakakalot.gg/manga/tono-no-kanri-o-shite-miyou/chapter-48"
43381,"Erotic x Anabolic","Chapter 6","https://www.mangakakalot.gg/manga/erotic-x-anabolic/chapter-6"
35945,"Shijou Saikyou Orc-San No Tanoshii Tanetsuke Harem Zukuri","Chapter 49","https://www.mangakakalot.gg/manga/shijou-saikyou-orc-san-no-tanoshii-tanetsuke-harem-zukuri/chapter-49"
34619,"S-Rank Monster No Behemoth Dakedo, Neko To Machigawarete Erufu Musume No Kishi (Pet) Toshite Kurashitemasu","Chapter 50","https://www.mangakakalot.gg/manga/s-rank-monster-no-behemoth-dakedo-neko-to-machigawarete-erufu-musume-no-kishi-pet-toshite-kurashitemasu/chapter-50"
45227,"The Best Noble In Another World: The Bigger My Harem Gets, The Stronger I Become","Chapter 3","https://www.mangakakalot.gg/manga/the-best-noble-in-another-world-the-bigger-my-harem-gets-the-stronger-i-become/chapter-3"
39084,"Risou No Himo Seikatsu","Chapter 51","https://www.mangakakalot.gg/manga/risou-no-himo-seikatsu/chapter-51"
32695,"Perman","Chapter 25","https://www.mangakakalot.gg/manga/perman/chapter-25"
34280,"Toki-sensei wa Kigaetai","Chapter 3","https://www.mangakakalot.gg/manga/toki-sensei-wa-kigaetai/chapter-3"
39672,"Somehow, I Started Living With a NEET Otaku Kunoichi","Chapter 32","https://www.mangakakalot.gg/manga/somehow-i-started-living-with-a-neet-otaku-kunoichi/chapter-32"
27836,"The Rising Of The Shield Hero","Chapter 89","https://www.mangakakalot.gg/manga/the-rising-of-the-shield-hero/chapter-89"
33473,"Hanging Out With a Gamer Girl","Chapter 139","https://www.mangakakalot.gg/manga/hanging-out-with-a-gamer-girl/chapter-139"
31777,"Jijyou Wo Shiranai Tenkousei Ga Guigui Kuru","Chapter 84","https://www.mangakakalot.gg/manga/jijyou-wo-shiranai-tenkousei-ga-guigui-kuru/chapter-84"
44367,"Bijin Onna Joushi Takizawa-San","Chapter 137","https://www.mangakakalot.gg/manga/bijin-onna-joushi-takizawa-san/chapter-137"
29093,"Re:monster","Chapter 83","https://www.mangakakalot.gg/manga/re-monster/chapter-83"
39097,"Gekkan Shoujo Nozaki-kun","Chapter 134","https://www.mangakakalot.gg/manga/gekkan-shoujo-nozaki-kun/chapter-134"
45518,"Ascendance Of A Bookworm ~I'll Do Anything To Become A Librarian~ Part 2 「I'll Become A Shrine Maiden For Books!」","Chapter 29","https://www.mangakakalot.gg/manga/ascendance-of-a-bookworm-i-ll-do-anything-to-become-a-librarian-part-2-i-ll-become-a-shrine-maiden-for-books/chapter-29"
31283,"Isekai Koushoku Musou Roku","Chapter 23","https://www.mangakakalot.gg/manga/isekai-koushoku-musou-roku/chapter-23"
37939,"Mieruko-Chan","Chapter 17","https://www.mangakakalot.gg/manga/mieruko-chan/chapter-17"
44518,"That Girl Is Cute... But Dangerous?","Chapter 81","https://www.mangakakalot.gg/manga/that-girl-is-cute-but-dangerous/chapter-81"
460,"RTA Sousha wa Game Sekai kara Kaerenai","Chapter 6","https://www.mangakakalot.gg/manga/rta-sousha-wa-game-sekai-kara-kaerenai/chapter-6"
44040,"The Other World Doesn't Stand A Chance Against The Power Of Instant Death.","Chapter 37","https://www.mangakakalot.gg/manga/the-other-world-doesn-t-stand-a-chance-against-the-power-of-instant-death/chapter-37"
44664,"Tensei Shitara Slime Datta Ken: Clayman Revenge","Chapter 41","https://www.mangakakalot.gg/manga/tensei-shitara-slime-datta-ken-clayman-revenge/chapter-41"
18305,"Arakure Ojousama Wa Monmon Shiteiru","Chapter 42","https://www.mangakakalot.gg/manga/arakure-ojousama-wa-monmon-shiteiru/chapter-42"
39825,"Detective Conan","Chapter 1100","https://www.mangakakalot.gg/manga/detective-conan/chapter-1100"
1256,"The Story Between A Dumb Prefect And A High School Girl With An Inappropriate Skirt Length","Chapter 77","https://www.mangakakalot.gg/manga/the-story-between-a-dumb-prefect-and-a-high-school-girl-with-an-inappropriate-skirt-length/chapter-77"
5,"2.5D Seduction","Chapter 83","https://www.mangakakalot.gg/manga/2-5d-seduction/chapter-83"
12815,"Tensei Kizoku No Isekai Boukenroku ~Jichou Wo Shiranai Kamigami No Shito~","Chapter 46","https://www.mangakakalot.gg/manga/tensei-kizoku-no-isekai-boukenroku-jichou-wo-shiranai-kamigami-no-shito/chapter-46"
29781,"Mushoku Tensei - Isekai Ittara Honki Dasu","Chapter 82","https://www.mangakakalot.gg/manga/mushoku-tensei-isekai-ittara-honki-dasu/chapter-82"
29432,"Kumo Desu Ga, Nani Ka?","Chapter 70.1","https://www.mangakakalot.gg/manga/kumo-desu-ga-nani-ka/chapter-70-1"
32735,"Seirei-tachi no Rakuen to Risou no Isekai Seikatsu","Chapter 34","https://www.mangakakalot.gg/manga/seirei-tachi-no-rakuen-to-risou-no-isekai-seikatsu/chapter-34"
37625,"Demon's Sword Master Of Excalibur School","Chapter 21","https://www.mangakakalot.gg/manga/demon-s-sword-master-of-excalibur-school/chapter-21"
40107,"Strategic Lovers","Chapter 18","https://www.mangakakalot.gg/manga/strategic-lovers/chapter-18"
40656,"Reincarnation Colosseum - Using The Weakest Skills In Order To Defeat The Strongest Women And Create A Slave Harem","Chapter 21","https://www.mangakakalot.gg/manga/reincarnation-colosseum-using-the-weakest-skills-in-order-to-defeat-the-strongest-women-and-create-a-slave-harem/chapter-21"
8460,"Watashi no Fushidara","Chapter 13","https://www.mangakakalot.gg/manga/watashi-no-fushidara/chapter-13"
10659,"Gakuen Babysitters","Chapter 128","https://www.mangakakalot.gg/manga/gakuen-babysitters/chapter-128"
33910,"Otome Game No Hametsu Flag Shika Nai Akuyaku Reijou Ni Tensei Shite Shimatta...","Chapter 71","https://www.mangakakalot.gg/manga/otome-game-no-hametsu-flag-shika-nai-akuyaku-reijou-ni-tensei-shite-shimatta/chapter-71"
2104,"Otonari Complex","Chapter 40","https://www.mangakakalot.gg/manga/otonari-complex/chapter-40"
1151,"Henjyo - Hen Na Jyoshi Kousei Amaguri Senko","Chapter 107.5","https://www.mangakakalot.gg/manga/henjyo-hen-na-jyoshi-kousei-amaguri-senko/chapter-107-5"
11594,"Darling In The Franxx","Chapter 60.5","https://www.mangakakalot.gg/manga/darling-in-the-franxx/chapter-60-5"
30755,"Shingeki No Eroko-San","Chapter 36","https://www.mangakakalot.gg/manga/shingeki-no-eroko-san/chapter-36"
29765,"Mr. Villain's Day Off","Chapter 50","https://www.mangakakalot.gg/manga/mr-villain-s-day-off/chapter-50"
37073,"Shingan no Yuusha","Chapter 38","https://www.mangakakalot.gg/manga/shingan-no-yuusha/chapter-38"
40869,"Destroy All Of Humanity. It Can't Be Regenerated.","Chapter 39.2","https://www.mangakakalot.gg/manga/destroy-all-of-humanity-it-can-t-be-regenerated/chapter-39-2"
27032,"Monster Musume No Iru Nichijou","Chapter 77","https://www.mangakakalot.gg/manga/monster-musume-no-iru-nichijou/chapter-77"
35400,"Hataraku Maou-Sama!","Chapter 107","https://www.mangakakalot.gg/manga/hataraku-maou-sama/chapter-107"
28264,"Kore kara Dandan Shiawase ni Natte Iku Kowai Onna Joushi","Chapter 61","https://www.mangakakalot.gg/manga/kore-kara-dandan-shiawase-ni-natte-iku-kowai-onna-joushi/chapter-61"
44945,"Kowloon Generic Romance","Chapter 54","https://www.mangakakalot.gg/manga/kowloon-generic-romance/chapter-54"
40125,"Tsuki Ga Michibiku Isekai Douchuu","Chapter 77","https://www.mangakakalot.gg/manga/tsuki-ga-michibiku-isekai-douchuu/chapter-77"
1893,"Onepunch-Man","Chapter 189","https://www.mangakakalot.gg/manga/onepunch-man/chapter-189"
3277,"Aharen-san wa Hakarenai","Chapter 151","https://www.mangakakalot.gg/manga/aharen-san-wa-hakarenai/chapter-151"
430,"Seichou Cheat de Nandemo Dekiru you ni Natta ga, Mushoku dake wa Yamerarenai you desu","Chapter 53","https://www.mangakakalot.gg/manga/seichou-cheat-de-nandemo-dekiru-you-ni-natta-ga-mushoku-dake-wa-yamerarenai-you-desu/chapter-53"
41020,"Jimina Ken Sei Wa Sore Demo Saikyoudesu","Chapter 67","https://www.mangakakalot.gg/manga/jimina-ken-sei-wa-sore-demo-saikyoudesu/chapter-67"
28657,"Takarakuji De 40-Oku Atattandakedo Isekai Ni Ijuu Suru","Chapter 42.5","https://www.mangakakalot.gg/manga/takarakuji-de-40-oku-atattandakedo-isekai-ni-ijuu-suru/chapter-42-5"
61421,"Betrayed by the Hero, I Formed a MILF Party With His Mom!","Chapter 5","https://www.mangakakalot.gg/manga/betrayed-by-the-hero-i-formed-a-milf-party-with-his-mom/chapter-5"
36099,"Uzaki-Chan Wa Asobitai!","Chapter 121","https://www.mangakakalot.gg/manga/uzaki-chan-wa-asobitai/chapter-121"
32169,"A Cool Girl And A 12Cm Promise","Chapter 35","https://www.mangakakalot.gg/manga/a-cool-girl-and-a-12cm-promise/chapter-35"
43918,"Devilchi","Chapter 84","https://www.mangakakalot.gg/manga/devilchi/chapter-84"
28542,"Jahy-Sama Wa Kujikenai!","Chapter 76.1","https://www.mangakakalot.gg/manga/jahy-sama-wa-kujikenai/chapter-76-1"
34364,"Naruto","Chapter 568","https://www.mangakakalot.gg/manga/naruto/chapter-568"
44904,"Gabriel Dropout","Chapter 89.5","https://www.mangakakalot.gg/manga/gabriel-dropout/chapter-89-5"
31140,"One More Time","Chapter 37","https://www.mangakakalot.gg/manga/one-more-time/chapter-37"
593,"Saijaku Teima Wa Gomi Hiroi No Tabi O Hajimemashita .","Chapter 14.2","https://www.mangakakalot.gg/manga/saijaku-teima-wa-gomi-hiroi-no-tabi-o-hajimemashita/chapter-14-2"
34105,"GGWP. ~Young Ladies Don't Play Fighting Games~","Chapter 17","https://www.mangakakalot.gg/manga/ggwp-young-ladies-don-t-play-fighting-games/chapter-17"
42327,"My Friend's Little Sister Is Only Annoying to Me","Chapter 19","https://www.mangakakalot.gg/manga/my-friend-s-little-sister-is-only-annoying-to-me/chapter-19"
15180,"Ayakashiko","Chapter 64.2","https://www.mangakakalot.gg/manga/ayakashiko/chapter-64-2"
36807,"The Small Sage Will Try Her Best In the Different World from Lv. 1!","Chapter 28","https://www.mangakakalot.gg/manga/the-small-sage-will-try-her-best-in-the-different-world-from-lv-1/chapter-28"
3469,"Sora No Otoshimono","Chapter 7","https://www.mangakakalot.gg/manga/sora-no-otoshimono/chapter-7"
67463,"The Messiah and His Followers [TOOMICS OFFICIAL]","Chapter 9","https://www.mangakakalot.gg/manga/the-messiah-and-his-followers-toomics-official/chapter-9"
44095,"Kenja No Mago","Chapter 70","https://www.mangakakalot.gg/manga/kenja-no-mago/chapter-70"
58262,"Tonari no Seki no Yatsu ga Eroi me de Mitekuru Hanashi","Chapter 23","https://www.mangakakalot.gg/manga/tonari-no-seki-no-yatsu-ga-eroi-me-de-mitekuru-hanashi/chapter-23"
3272,"Gotou-san wa Furimukasetai! (Pixiv Serialization)","Chapter 4","https://www.mangakakalot.gg/manga/gotou-san-wa-furimukasetai-pixiv-serialization/chapter-4"
44675,"5 Minutes With You At A Convenience Store","Chapter 62","https://www.mangakakalot.gg/manga/5-minutes-with-you-at-a-convenience-store/chapter-62"
4024,"Fullmetal Alchemist","Chapter 108.7","https://www.mangakakalot.gg/manga/fullmetal-alchemist/chapter-108-7"
13748,"Hinamatsuri","Chapter 100.5","https://www.mangakakalot.gg/manga/hinamatsuri/chapter-100-5"
39857,"Yjk's Unusual Affection","Chapter 36","https://www.mangakakalot.gg/manga/yjk-s-unusual-affection/chapter-36"
39978,"Nobunaga-sensei no Osanazuma","Chapter 2","https://www.mangakakalot.gg/manga/nobunaga-sensei-no-osanazuma/chapter-2"
38838,"Will You Marry Me Again If You Are Reborn?","Chapter 22","https://www.mangakakalot.gg/manga/will-you-marry-me-again-if-you-are-reborn/chapter-22"
11102,"As Miss Beelzebub Likes","Chapter 49","https://www.mangakakalot.gg/manga/as-miss-beelzebub-likes/chapter-49"
15760,"Ayakashi Triangle","Chapter 103","https://www.mangakakalot.gg/manga/ayakashi-triangle/chapter-103"
45283,"The Demon King's Daughter Is Way Too Easy","Chapter 42","https://www.mangakakalot.gg/manga/the-demon-king-s-daughter-is-way-too-easy/chapter-42"
12749,"Tenkosaki: The Neat And Pretty Girl At My New School Is A Childhood Friend Of Mine Who I Thought Was A Boy","Chapter 10","https://www.mangakakalot.gg/manga/tenkosaki-the-neat-and-pretty-girl-at-my-new-school-is-a-childhood-friend-of-mine-who-i-thought-was-a-boy/chapter-10"
1702,"Charlotte","Chapter 23","https://www.mangakakalot.gg/manga/charlotte/chapter-23"
4130,"The Story Of An Otaku And A Gyaru Falling In Love","Chapter 103","https://www.mangakakalot.gg/manga/the-story-of-an-otaku-and-a-gyaru-falling-in-love/chapter-103"
40524,"Tokyo Ghoul:re","Chapter 179","https://www.mangakakalot.gg/manga/tokyo-ghoul-re/chapter-179"
20820,"Tona-Gura!","Chapter 58","https://www.mangakakalot.gg/manga/tona-gura/chapter-58"
37423,"Amagami-San Chi No Enmusubi","Chapter 184","https://www.mangakakalot.gg/manga/amagami-san-chi-no-enmusubi/chapter-184"
1024,"I’Ve Been Killing Slimes For 300 Years And Maxed Out My Level","Chapter 35","https://www.mangakakalot.gg/manga/ive-been-killing-slimes-for-300-years-and-maxed-out-my-level/chapter-35"
32288,"Cupid's Chocolates","Chapter 157","https://www.mangakakalot.gg/manga/cupid-s-chocolates/chapter-157"
1593,"Love After World Domination","Chapter 21","https://www.mangakakalot.gg/manga/love-after-world-domination/chapter-21"
4015,"Kubo Won't Let Me Be Invisible","Chapter 137","https://www.mangakakalot.gg/manga/kubo-won-t-let-me-be-invisible/chapter-137"
43598,"Musume Janakute, Watashi (Mama) ga Suki Nano!?","Chapter 20.2","https://www.mangakakalot.gg/manga/musume-janakute-watashi-mama-ga-suki-nano/chapter-20-2"
41301,"The Demon King Who Lost His Job","Chapter 424","https://www.mangakakalot.gg/manga/the-demon-king-who-lost-his-job/chapter-424"
35899,"Hagure Idol Jigokuhen","Chapter 83","https://www.mangakakalot.gg/manga/hagure-idol-jigokuhen/chapter-83"
40466,"Pocket Monster Special","Chapter 549","https://www.mangakakalot.gg/manga/pocket-monster-special/chapter-549"
22206,"The Apothecary Is Gonna Make This Ragged Elf Happy","Chapter 63","https://www.mangakakalot.gg/manga/the-apothecary-is-gonna-make-this-ragged-elf-happy/chapter-63"
44661,"Hori-San To Miyamura-Kun","Chapter 121","https://www.mangakakalot.gg/manga/hori-san-to-miyamura-kun/chapter-121"
1022,"Too Many Losing Heroines!","Chapter 14.4","https://www.mangakakalot.gg/manga/too-many-losing-heroines/chapter-14-4"
43351,"VR Eroge yattetara Isekai ni Tensei shita no de, Bishoujo Maou wo Doreika suru: Cross Out Saber","Chapter 13","https://www.mangakakalot.gg/manga/vr-eroge-yattetara-isekai-ni-tensei-shita-no-de-bishoujo-maou-wo-doreika-suru-cross-out-saber/chapter-13"
44415,"The Gal Who Was Meant To Confess To Me As A Game Punishment Has Apparently Fallen In Love With Me","Chapter 7.5","https://www.mangakakalot.gg/manga/the-gal-who-was-meant-to-confess-to-me-as-a-game-punishment-has-apparently-fallen-in-love-with-me/chapter-7-5"
31707,"Clean Freak! Aoyama-kun","Chapter 38","https://www.mangakakalot.gg/manga/clean-freak-aoyama-kun/chapter-38"
40856,"I Shaved. Then I Brought A High School Girl Home.","Chapter 36","https://www.mangakakalot.gg/manga/i-shaved-then-i-brought-a-high-school-girl-home/chapter-36"
32144,"Are You Really Getting Married?","Chapter 96","https://www.mangakakalot.gg/manga/are-you-really-getting-married/chapter-96"
42989,"Ikemen Joshi to Josou Danshi","Chapter 92.5","https://www.mangakakalot.gg/manga/ikemen-joshi-to-josou-danshi/chapter-92-5"
38639,"Mitsuishi-san","Chapter 21","https://www.mangakakalot.gg/manga/mitsuishi-san/chapter-21"
29008,"Overlord","Chapter 71","https://www.mangakakalot.gg/manga/overlord/chapter-71"
27994,"I’M The Stepmother, But My Daughter Is Too Cute","Chapter 76","https://www.mangakakalot.gg/manga/im-the-stepmother-but-my-daughter-is-too-cute/chapter-76"
1855,"Sono Bisque Doll Wa Koi Wo Suru","Chapter 88","https://www.mangakakalot.gg/manga/sono-bisque-doll-wa-koi-wo-suru/chapter-88"
39996,"As A Result Of Breaking An Otome Game, The Villainess Young Lady Becomes A Cheat!","Chapter 29","https://www.mangakakalot.gg/manga/as-a-result-of-breaking-an-otome-game-the-villainess-young-lady-becomes-a-cheat/chapter-29"
2060,"Inaka No Home Center Otoko No Jiyuu Na Isekai Seikatsu","Chapter 42","https://www.mangakakalot.gg/manga/inaka-no-home-center-otoko-no-jiyuu-na-isekai-seikatsu/chapter-42"
41182,"The Beginning After The End","Chapter 188.5","https://www.mangakakalot.gg/manga/the-beginning-after-the-end/chapter-188-5"
39773,"Dr. Stone","Chapter 91","https://www.mangakakalot.gg/manga/dr-stone/chapter-91"
43962,"The Hero Who Returned Remains The Strongest In The Modern World","Chapter 17.3","https://www.mangakakalot.gg/manga/the-hero-who-returned-remains-the-strongest-in-the-modern-world/chapter-17-3"
35380,"Kanojo Mo Kanojo","Chapter 139","https://www.mangakakalot.gg/manga/kanojo-mo-kanojo/chapter-139"
38775,"Fechippuru ~Our Innocent Love~","Chapter 104","https://www.mangakakalot.gg/manga/fechippuru-our-innocent-love/chapter-104"
37681,"Tower Of God","Chapter 729","https://www.mangakakalot.gg/manga/tower-of-god/chapter-729"
6393,"Kijima-san to Yamada-san","Chapter 15","https://www.mangakakalot.gg/manga/kijima-san-to-yamada-san/chapter-15"
62890,"Miitoban collection","Chapter 2","https://www.mangakakalot.gg/manga/miitoban-collection/chapter-2"
38623,"The Witch's Servant and The Demon Lords Horns","Chapter 82","https://www.mangakakalot.gg/manga/the-witch-s-servant-and-the-demon-lords-horns/chapter-82"
29757,"Cheat Kusushi No Slow Life: Isekai Ni Tsukurou Drugstore","Chapter 38","https://www.mangakakalot.gg/manga/cheat-kusushi-no-slow-life-isekai-ni-tsukurou-drugstore/chapter-38"
44018,"Ojousama No Shimobe","Chapter 75","https://www.mangakakalot.gg/manga/ojousama-no-shimobe/chapter-75"
28976,"Bright And Cheery Amnesia","Chapter 55","https://www.mangakakalot.gg/manga/bright-and-cheery-amnesia/chapter-55"
7246,"Dungeon ni Deai wo Motomeru no wa Machigatteiru Darou ka II","Chapter 16","https://www.mangakakalot.gg/manga/dungeon-ni-deai-wo-motomeru-no-wa-machigatteiru-darou-ka-ii/chapter-16"
36063,"Ore Dake Haireru Kakushi Dungeon: Kossori Kitaete Sekai Saikyou","Chapter 64","https://www.mangakakalot.gg/manga/ore-dake-haireru-kakushi-dungeon-kossori-kitaete-sekai-saikyou/chapter-64"
41100,"MuvLuv","Chapter 4","https://www.mangakakalot.gg/manga/muvluv/chapter-4"
32256,"Senryuu Shoujo","Chapter 115","https://www.mangakakalot.gg/manga/senryuu-shoujo/chapter-115"
2755,"Saiki Kusuo No Sainan","Chapter 10","https://www.mangakakalot.gg/manga/saiki-kusuo-no-sainan/chapter-10"
1253,"Ascendance Of A Bookworm ~I'll Do Anything To Become A Librarian~ Part 3 「Let's Spread The Book To The Territory!」","Chapter 1","https://www.mangakakalot.gg/manga/ascendance-of-a-bookworm-i-ll-do-anything-to-become-a-librarian-part-3-let-s-spread-the-book-to-the-territory/chapter-1"
3321,"Konyaku Haki Sareta Reijo Wo Hirotta Ore Ga, Ikenai Koto Wo Oshiekomu Oishi Mono Wo Tabesasete Oshare Wo Sasete, Sekaichi Shiawasena Shojo Ni Produce!","Chapter 25","https://www.mangakakalot.gg/manga/konyaku-haki-sareta-reijo-wo-hirotta-ore-ga-ikenai-koto-wo-oshiekomu-oishi-mono-wo-tabesasete-oshare-wo-sasete-sekaichi-shiawasena-shojo-ni-produce/chapter-25"
44974,"Real No Heroine Wa Irimasen!","Chapter 58","https://www.mangakakalot.gg/manga/real-no-heroine-wa-irimasen/chapter-58"
44127,"Staying With Ajumma","Chapter 44","https://www.mangakakalot.gg/manga/staying-with-ajumma/chapter-44"
29650,"Dear Sir... I Married A Killer","Chapter 33","https://www.mangakakalot.gg/manga/dear-sir-i-married-a-killer/chapter-33"
40973,"Ichioku-Nen Button O Renda Shita Ore Wa, Kizuitara Saikyou Ni Natteita","Chapter 20.1","https://www.mangakakalot.gg/manga/ichioku-nen-button-o-renda-shita-ore-wa-kizuitara-saikyou-ni-natteita/chapter-20-1"
37492,"I Want To Be Praised By A Gal Gamer!","Chapter 33","https://www.mangakakalot.gg/manga/i-want-to-be-praised-by-a-gal-gamer/chapter-33"
7398,"Dragon Ball","Chapter 1","https://www.mangakakalot.gg/manga/dragon-ball/chapter-1"
34869,"Isekai Shoukan Wa Nidome Desu","Chapter 38.2","https://www.mangakakalot.gg/manga/isekai-shoukan-wa-nidome-desu/chapter-38-2"
5827,"Jimi Joshi x Osekkai Danshi","Chapter 19.5","https://www.mangakakalot.gg/manga/jimi-joshi-x-osekkai-danshi/chapter-19-5"
45295,"A Story About A Grampa And Granma Returned Back To Their Youth.","Chapter 67","https://www.mangakakalot.gg/manga/a-story-about-a-grampa-and-granma-returned-back-to-their-youth/chapter-67"
43430,"Komi-San Wa Komyushou Desu","Chapter 498","https://www.mangakakalot.gg/manga/komi-san-wa-komyushou-desu/chapter-498"
44601,"Tonikaku Cawaii","Chapter 284","https://www.mangakakalot.gg/manga/tonikaku-cawaii/chapter-284"
42037,"Suki Na Ko Ga Megane Wo Wasureta","Chapter 98","https://www.mangakakalot.gg/manga/suki-na-ko-ga-megane-wo-wasureta/chapter-98"
33500,"Senpai Is Mine","Chapter 185","https://www.mangakakalot.gg/manga/senpai-is-mine/chapter-185"
40836,"Miss Kobayashi's Dragon Maid: Lucoa Is My Xx","Chapter 30","https://www.mangakakalot.gg/manga/miss-kobayashi-s-dragon-maid-lucoa-is-my-xx/chapter-30"
36097,"Under Observation: My First Loves And I","Chapter 40","https://www.mangakakalot.gg/manga/under-observation-my-first-loves-and-i/chapter-40"
37907,"Homura Sensei is probably unpopular","Chapter 42","https://www.mangakakalot.gg/manga/homura-sensei-is-probably-unpopular/chapter-42"
1325,"Uragirareta S Rank Boukensha No Ore Wa, Aisuru Dorei No Kanojora To Tomoni Dorei Dake No Harem Guild O Tsukuru","Chapter 68","https://www.mangakakalot.gg/manga/uragirareta-s-rank-boukensha-no-ore-wa-aisuru-dorei-no-kanojora-to-tomoni-dorei-dake-no-harem-guild-o-tsukuru/chapter-68"
45445,"Fuufu Ijou, Koibito Miman.","Chapter 50","https://www.mangakakalot.gg/manga/fuufu-ijou-koibito-miman/chapter-50"
3859,"Did You Know That A Playboy Can Change His Job To A Sage? ~The Level 99 Jester Expelled From The Heroes' Party Will Become A 'great Sage'~","Chapter 36","https://www.mangakakalot.gg/manga/did-you-know-that-a-playboy-can-change-his-job-to-a-sage-the-level-99-jester-expelled-from-the-heroes-party-will-become-a-great-sage/chapter-36"
7343,"Neta Chara Kari Play no Tsumori ga Isekai Shoukan ~Mayoibito wa Josei no Teki ni Ninteisaremashita~","Chapter 12","https://www.mangakakalot.gg/manga/neta-chara-kari-play-no-tsumori-ga-isekai-shoukan-mayoibito-wa-josei-no-teki-ni-ninteisaremashita/chapter-12"
33020,"When I Rescued A Beautiful Girl Who Was About To Be Molested, It Was My Childhood Friend Sitting Next To Me","Chapter 34","https://www.mangakakalot.gg/manga/when-i-rescued-a-beautiful-girl-who-was-about-to-be-molested-it-was-my-childhood-friend-sitting-next-to-me/chapter-34"
13810,"Older Elite Knight Is Cute Only In Front Of Me","Chapter 24.2","https://www.mangakakalot.gg/manga/older-elite-knight-is-cute-only-in-front-of-me/chapter-24-2"
32403,"Trinity Seven: 7-Nin No Mahoutsukai","Chapter 0","https://www.mangakakalot.gg/manga/trinity-seven-7-nin-no-mahoutsukai/chapter-0"
12657,"I’M A High School Boy, But I Got Gender-Swapped Into A Gyaru","Chapter 8.1","https://www.mangakakalot.gg/manga/im-a-high-school-boy-but-i-got-gender-swapped-into-a-gyaru/chapter-8-1"
38682,"Dungeon Kurashi No Moto Yuusha","Chapter 31","https://www.mangakakalot.gg/manga/dungeon-kurashi-no-moto-yuusha/chapter-31"
42547,"Horimiya","Chapter 4","https://www.mangakakalot.gg/manga/horimiya/chapter-4"
29593,"My Stepmom's Daughter Was My Ex-Girlfriend","Chapter 21","https://www.mangakakalot.gg/manga/my-stepmom-s-daughter-was-my-ex-girlfriend/chapter-21"
35012,"Gunota Ga Mahou Sekai Ni Tensei Shitara, Gendai Heiki De Guntai Harem O Tsukucchaimashita!?","Chapter 47.3","https://www.mangakakalot.gg/manga/gunota-ga-mahou-sekai-ni-tensei-shitara-gendai-heiki-de-guntai-harem-o-tsukucchaimashita/chapter-47-3"
40564,"Ambivalent ~Doutei wo Sutetara Shinu Sekai~","Chapter 12","https://www.mangakakalot.gg/manga/ambivalent-doutei-wo-sutetara-shinu-sekai/chapter-12"
6914,"Imaizumin's House Is A Place For Gals To Gather","Chapter 12","https://www.mangakakalot.gg/manga/imaizumin-s-house-is-a-place-for-gals-to-gather/chapter-12"
44773,"Class Teni De Ore Dake Haburaretara, Doukyuu Harem Tsukuru Koto Ni Shita","Chapter 18","https://www.mangakakalot.gg/manga/class-teni-de-ore-dake-haburaretara-doukyuu-harem-tsukuru-koto-ni-shita/chapter-18"
43105,"Asoko De Hataraku Musubu-San","Chapter 56","https://www.mangakakalot.gg/manga/asoko-de-hataraku-musubu-san/chapter-56"
45045,"Shindou Yuusha to Maid Onee-sana","Chapter 21","https://www.mangakakalot.gg/manga/shindou-yuusha-to-maid-onee-sana/chapter-21"
513,"I Swear I Won't Bother You Again!","Chapter 21.5","https://www.mangakakalot.gg/manga/i-swear-i-won-t-bother-you-again/chapter-21-5"
5360,"Watashi No Shiranai Senpai No 100 Ko No Koto","Chapter 4","https://www.mangakakalot.gg/manga/watashi-no-shiranai-senpai-no-100-ko-no-koto/chapter-4"
610,"Karakai Jouzu No (Moto) Takagi-San","Chapter 253","https://www.mangakakalot.gg/manga/karakai-jouzu-no-moto-takagi-san/chapter-253"
1563,"Yakumo-san wa Edzuke ga Shitai.","Chapter 78.5","https://www.mangakakalot.gg/manga/yakumo-san-wa-edzuke-ga-shitai/chapter-78-5"
43998,"Hinomoto Sanshimai wa Kamatte Hoshii","Chapter 13","https://www.mangakakalot.gg/manga/hinomoto-sanshimai-wa-kamatte-hoshii/chapter-13"
36438,"It's Not Meguro-San's First Time","Chapter 60","https://www.mangakakalot.gg/manga/it-s-not-meguro-san-s-first-time/chapter-60"
28756,"Himegasaki Sakurako wa Kyoumo Fubin Kawaii!","Chapter 17","https://www.mangakakalot.gg/manga/himegasaki-sakurako-wa-kyoumo-fubin-kawaii/chapter-17"
37918,"Onee-chan ga Kita","Chapter 39","https://www.mangakakalot.gg/manga/onee-chan-ga-kita/chapter-39"
7286,"Kawaii Joushi o Komarasetai","Chapter 68","https://www.mangakakalot.gg/manga/kawaii-joushi-o-komarasetai/chapter-68"
45649,"""Nobukuni-san"" Does She Like Me?","Chapter 32","https://www.mangakakalot.gg/manga/nobukuni-san-does-she-like-me_37200/chapter-32"
44035,"Fight Ippatsu! Juuden-chan!!","Chapter 31","https://www.mangakakalot.gg/manga/fight-ippatsu-juuden-chan/chapter-31"
7171,"Infinite Apostles And Twelve War Girls","Chapter 273","https://www.mangakakalot.gg/manga/infinite-apostles-and-twelve-war-girls/chapter-273"
39594,"My Lv999 Love For Yamada-Kun","Chapter 82","https://www.mangakakalot.gg/manga/my-lv999-love-for-yamada-kun/chapter-82"
45028,"Nan Hao & Shang Feng","Chapter 122","https://www.mangakakalot.gg/manga/nan-hao-shang-feng/chapter-122"
44099,"Please Don't Bully Me, Nagatoro","Chapter 120","https://www.mangakakalot.gg/manga/please-don-t-bully-me-nagatoro/chapter-120"
43675,"My Harem Grew So Large, I Was Forced To Ascend","Chapter 60","https://www.mangakakalot.gg/manga/my-harem-grew-so-large-i-was-forced-to-ascend/chapter-60"
43087,"Attack On Titan","Chapter 139","https://www.mangakakalot.gg/manga/attack-on-titan/chapter-139"
43659,"My Divorced Crybaby Neighbour","Chapter 53","https://www.mangakakalot.gg/manga/my-divorced-crybaby-neighbour/chapter-53"
43397,"Plunderer","Chapter 72","https://www.mangakakalot.gg/manga/plunderer/chapter-72"
43291,"Our War That Ends The World, Or Perhaps The Crusade That Starts It Anew","Chapter 38","https://www.mangakakalot.gg/manga/our-war-that-ends-the-world-or-perhaps-the-crusade-that-starts-it-anew/chapter-38"
43287,"Mahouka Koukou No Rettousei - Double Seven Hen","Chapter 15","https://www.mangakakalot.gg/manga/mahouka-koukou-no-rettousei-double-seven-hen/chapter-15"
43195,"Tonari no Furi-san ga Tonikaku Kowai","Chapter 34.5","https://www.mangakakalot.gg/manga/tonari-no-furi-san-ga-tonikaku-kowai/chapter-34-5"
43131,"No Guard Wife","Chapter 51","https://www.mangakakalot.gg/manga/no-guard-wife/chapter-51"
42899,"Saotome Shimai Ha Manga No Tame Nara!?","Chapter 68","https://www.mangakakalot.gg/manga/saotome-shimai-ha-manga-no-tame-nara/chapter-68"
42875,"Internet Explorer","Chapter 82","https://www.mangakakalot.gg/manga/internet-explorer/chapter-82"
42005,"Kimi Wa 008","Chapter 1","https://www.mangakakalot.gg/manga/kimi-wa-008/chapter-1"
42649,"Ookii Onnanoko wa Daisuki Desu ka?","Chapter 1","https://www.mangakakalot.gg/manga/ookii-onnanoko-wa-daisuki-desu-ka/chapter-1"
42626,"Ai-Sensei wa Wakaranai","Chapter 10","https://www.mangakakalot.gg/manga/ai-sensei-wa-wakaranai/chapter-10"
42584,"Ikitemasu ka? Honda-kun","Chapter 26","https://www.mangakakalot.gg/manga/ikitemasu-ka-honda-kun/chapter-26"
42537,"I don't know what my little sister's friend is thinking!","Chapter 33","https://www.mangakakalot.gg/manga/i-don-t-know-what-my-little-sister-s-friend-is-thinking/chapter-33"
42224,"Kaguya-Sama Wa Kokurasetai - Tensai-Tachi No Renai Zunousen","Chapter 1","https://www.mangakakalot.gg/manga/kaguya-sama-wa-kokurasetai-tensai-tachi-no-renai-zunousen/chapter-1"
42148,"Sunoharasou no Kanrinin-san","Chapter 84","https://www.mangakakalot.gg/manga/sunoharasou-no-kanrinin-san/chapter-84"
41419,"Atsumare! Fushigi Kenkyu-Bu","Chapter 296","https://www.mangakakalot.gg/manga/atsumare-fushigi-kenkyu-bu/chapter-296"
41883,"Uso-Bitch Senpai","Chapter 23","https://www.mangakakalot.gg/manga/uso-bitch-senpai/chapter-23"
41898,"The Dark Brown Editor and the Shota Mangaka","Chapter 14","https://www.mangakakalot.gg/manga/the-dark-brown-editor-and-the-shota-mangaka/chapter-14"
41506,"Osananajimi ga Hisabisa ni Saikai Shitara Otagai Kyonyuu ni Natteta","Chapter 37","https://www.mangakakalot.gg/manga/osananajimi-ga-hisabisa-ni-saikai-shitara-otagai-kyonyuu-ni-natteta/chapter-37"
41451,"Since I’ve Entered the World of Romantic Comedy Manga, I’ll Do My Best to Make the Losing Heroine Happy","Chapter 6.65","https://www.mangakakalot.gg/manga/since-ive-entered-the-world-of-romantic-comedy-manga-ill-do-my-best-to-make-the-losing-heroine-happy/chapter-6-65"
41177,"Tensei Shitara Slime Datta Ken: The Ways Of Strolling In The Demon Country","Chapter 49.1","https://www.mangakakalot.gg/manga/tensei-shitara-slime-datta-ken-the-ways-of-strolling-in-the-demon-country/chapter-49-1"
41183,"Can't Defy The Lonely Girl","Chapter 31","https://www.mangakakalot.gg/manga/can-t-defy-the-lonely-girl/chapter-31"
40843,"Tsurezure Children","Chapter 212.1","https://www.mangakakalot.gg/manga/tsurezure-children/chapter-212-1"
40519,"Sousei No Onmyouji","Chapter 111","https://www.mangakakalot.gg/manga/sousei-no-onmyouji/chapter-111"
40788,"The Cute One Is You!","Chapter 11","https://www.mangakakalot.gg/manga/the-cute-one-is-you/chapter-11"
40269,"Mikakunin De Shinkoukei","Chapter 168","https://www.mangakakalot.gg/manga/mikakunin-de-shinkoukei/chapter-168"
40087,"Kuro no Senki: Isekai Ten’i Shita Boku ga Saikyou na no wa Bed no Ue dake no You desu","Chapter 7.2","https://www.mangakakalot.gg/manga/kuro-no-senki-isekai-teni-shita-boku-ga-saikyou-na-no-wa-bed-no-ue-dake-no-you-desu/chapter-7-2"
39972,"Sex And Dungeon","Chapter 30","https://www.mangakakalot.gg/manga/sex-and-dungeon/chapter-30"
39803,"Musuko ga Kawaikute Shikataganai Mazoku no Hahaoya","Chapter 147","https://www.mangakakalot.gg/manga/musuko-ga-kawaikute-shikataganai-mazoku-no-hahaoya/chapter-147"
39859,"Armor Shop For Ladies & Gentlemen","Chapter 40","https://www.mangakakalot.gg/manga/armor-shop-for-ladies-gentlemen/chapter-40"
39392,"Sore wa rei no Shiwaza desu","Chapter 42","https://www.mangakakalot.gg/manga/sore-wa-rei-no-shiwaza-desu/chapter-42"
39371,"Dokyuu Hentai Hxeros","Chapter 7","https://www.mangakakalot.gg/manga/dokyuu-hentai-hxeros/chapter-7"
39246,"A Story About Treating A Female Knight Who Has Never Been Treated As A Woman As A Woman","Chapter 131.5","https://www.mangakakalot.gg/manga/a-story-about-treating-a-female-knight-who-has-never-been-treated-as-a-woman-as-a-woman/chapter-131-5"
39163,"I Was Kicked Out Of The Hero’S Party Because I Wasn’T A True Companion So I Decided To Have A Slow Life At The Frontier","Chapter 46","https://www.mangakakalot.gg/manga/i-was-kicked-out-of-the-heros-party-because-i-wasnt-a-true-companion-so-i-decided-to-have-a-slow-life-at-the-frontier/chapter-46"
38917,"Hoshino, Me O Tsubutte.","Chapter 101","https://www.mangakakalot.gg/manga/hoshino-me-o-tsubutte/chapter-101"
38977,"I Played the Role of a Hated Hero, but for Some Reason I'm Loved by the Last Boss and Living With Her!","Chapter 17","https://www.mangakakalot.gg/manga/i-played-the-role-of-a-hated-hero-but-for-some-reason-i-m-loved-by-the-last-boss-and-living-with-her/chapter-17"
38939,"Tedama Ni Toritai Kurokiya-San","Chapter 38","https://www.mangakakalot.gg/manga/tedama-ni-toritai-kurokiya-san/chapter-38"
38901,"Manabi Ikiru ha Huuhu no Tsutome","Chapter 169","https://www.mangakakalot.gg/manga/manabi-ikiru-ha-huuhu-no-tsutome/chapter-169"
38822,"The Story of an Engaged Couple That Doesn't Get Along","Chapter 37","https://www.mangakakalot.gg/manga/the-story-of-an-engaged-couple-that-doesn-t-get-along/chapter-37"
38675,"She Was A Little Older Than He","Chapter 21","https://www.mangakakalot.gg/manga/she-was-a-little-older-than-he/chapter-21"
37781,"Muvluv Alternative","Chapter 48.5","https://www.mangakakalot.gg/manga/muvluv-alternative/chapter-48-5"
38532,"The Honor Student's Secret Job","Chapter 36","https://www.mangakakalot.gg/manga/the-honor-student-s-secret-job/chapter-36"
38293,"Starting Out As Friends With A Yankee Girl","Chapter 23","https://www.mangakakalot.gg/manga/starting-out-as-friends-with-a-yankee-girl/chapter-23"
37646,"Bad Girl-Exorcist Reina","Chapter 54","https://www.mangakakalot.gg/manga/bad-girl-exorcist-reina/chapter-54"
37477,"Kondo Wa Korosaretakunai Azarashi-San","Chapter 15","https://www.mangakakalot.gg/manga/kondo-wa-korosaretakunai-azarashi-san/chapter-15"
37302,"Amaama To Inazuma","Chapter 56.9","https://www.mangakakalot.gg/manga/amaama-to-inazuma/chapter-56-9"
4826,"Class Ga Isekai Shoukan Sareta Naka Ore Dake Nokotta N Desu Ga","Chapter 30","https://www.mangakakalot.gg/manga/class-ga-isekai-shoukan-sareta-naka-ore-dake-nokotta-n-desu-ga/chapter-30"
37212,"Meika-San Can't Conceal Her Emotions","Chapter 130","https://www.mangakakalot.gg/manga/meika-san-can-t-conceal-her-emotions/chapter-130"
36927,"Roujoteki Shoujo Hinata-chan","Chapter 51","https://www.mangakakalot.gg/manga/roujoteki-shoujo-hinata-chan/chapter-51"
37053,"Kishuku Gakkou No Juliet: The Official Anthology","Chapter 24","https://www.mangakakalot.gg/manga/kishuku-gakkou-no-juliet-the-official-anthology/chapter-24"
37060,"Flag Capture In The First Move","Chapter 14","https://www.mangakakalot.gg/manga/flag-capture-in-the-first-move/chapter-14"
36609,"Kakao 79%","Chapter 230","https://www.mangakakalot.gg/manga/kakao-79/chapter-230"
36871,"Jishou F-Rank No Oniisama Ga Game De Hyouka Sareru Gakuen No Chouten Ni Kunrin Suru Sou Desu Yo?","Chapter 34","https://www.mangakakalot.gg/manga/jishou-f-rank-no-oniisama-ga-game-de-hyouka-sareru-gakuen-no-chouten-ni-kunrin-suru-sou-desu-yo/chapter-34"
36461,"Kono Bijutsubu Ni Wa Mondai Ga Aru!","Chapter 111","https://www.mangakakalot.gg/manga/kono-bijutsubu-ni-wa-mondai-ga-aru/chapter-111"
36780,"First Comes Love, Then Comes Marriage","Chapter 26","https://www.mangakakalot.gg/manga/first-comes-love-then-comes-marriage/chapter-26"
36703,"Oversized Sextet","Chapter 15","https://www.mangakakalot.gg/manga/oversized-sextet/chapter-15"
36544,"The Cute Girl Sitting Next To Me Is Trying To Make Me Fall In Love With Her As A Way To Ridicule Me, But The Tables Were Turned On Her Before She Knew It","Chapter 2","https://www.mangakakalot.gg/manga/the-cute-girl-sitting-next-to-me-is-trying-to-make-me-fall-in-love-with-her-as-a-way-to-ridicule-me-but-the-tables-were-turned-on-her-before-she-knew-it/chapter-2"
36404,"Yumemi ga oka Wonderland","Chapter 1","https://www.mangakakalot.gg/manga/yumemi-ga-oka-wonderland/chapter-1"
36348,"Shikimori's Not Just A Cutie","Chapter 169","https://www.mangakakalot.gg/manga/shikimori-s-not-just-a-cutie/chapter-169"
36341,"Humanity’S Existence Depends On Love Gambling With Another World’S Princess","Chapter 6","https://www.mangakakalot.gg/manga/humanitys-existence-depends-on-love-gambling-with-another-worlds-princess/chapter-6"
35592,"Chihayafuru","Chapter 28","https://www.mangakakalot.gg/manga/chihayafuru/chapter-28"
35909,"Asmodeus Wa Akiramenai","Chapter 50","https://www.mangakakalot.gg/manga/asmodeus-wa-akiramenai/chapter-50"
35919,"Yome no Manimani","Chapter 18","https://www.mangakakalot.gg/manga/yome-no-manimani/chapter-18"
35306,"What Happens Inside The Dungeon","Chapter 3","https://www.mangakakalot.gg/manga/what-happens-inside-the-dungeon/chapter-3"
35768,"Osananajimi Ga Zettai Ni Makenai Love Comedy","Chapter 30","https://www.mangakakalot.gg/manga/osananajimi-ga-zettai-ni-makenai-love-comedy/chapter-30"
35581,"Hell's Paradise: Jigokuraku","Chapter 7","https://www.mangakakalot.gg/manga/hell-s-paradise-jigokuraku/chapter-7"
35649,"The Giant Maid Puts You In Your Place ♥","Chapter 21","https://www.mangakakalot.gg/manga/the-giant-maid-puts-you-in-your-place/chapter-21"
35539,"Ima, Koi Wo Shite Imasu","Chapter 1","https://www.mangakakalot.gg/manga/ima-koi-wo-shite-imasu/chapter-1"
35438,"My Wife Is Niizuma-Chan","Chapter 37","https://www.mangakakalot.gg/manga/my-wife-is-niizuma-chan/chapter-37"
35492,"Isshuukan Friends","Chapter 0","https://www.mangakakalot.gg/manga/isshuukan-friends/chapter-0"
35345,"My Ex-Boyfriend Loves Boys' Love!","Chapter 5","https://www.mangakakalot.gg/manga/my-ex-boyfriend-loves-boys-love/chapter-5"
35168,"Otome No Harawata Hoshi No Iro","Chapter 12","https://www.mangakakalot.gg/manga/otome-no-harawata-hoshi-no-iro/chapter-12"
31811,"Nega-kun and Posi-chan","Chapter 49","https://www.mangakakalot.gg/manga/nega-kun-and-posi-chan/chapter-49"
31481,"Tanaka-Kun Wa Itsumo Kedaruge","Chapter 8","https://www.mangakakalot.gg/manga/tanaka-kun-wa-itsumo-kedaruge/chapter-8"
31569,"Shougakusei ga Mama demo Ii desu ka?","Chapter 23","https://www.mangakakalot.gg/manga/shougakusei-ga-mama-demo-ii-desu-ka/chapter-23"
31506,"Yuzukawa-san wa, Sasshite Hoshii.","Chapter 34.6","https://www.mangakakalot.gg/manga/yuzukawa-san-wa-sasshite-hoshii/chapter-34-6"
31348,"Ano Oni Kyōshi ga Boku no Ane ni Narundesuka?","Chapter 22","https://www.mangakakalot.gg/manga/ano-oni-kyoshi-ga-boku-no-ane-ni-narundesuka/chapter-22"
31098,"Koishigawa-san is a Carnivore","Chapter 23","https://www.mangakakalot.gg/manga/koishigawa-san-is-a-carnivore/chapter-23"
1475,"Yankee-Kun To Hakujou Gaaru","Chapter 93","https://www.mangakakalot.gg/manga/yankee-kun-to-hakujou-gaaru/chapter-93"
30276,"My Cute Little Kitten","Chapter 13.5","https://www.mangakakalot.gg/manga/my-cute-little-kitten/chapter-13-5"
30351,"The Crybaby I Played With Long Ago Has Become the School's Cool Idol","Chapter 19","https://www.mangakakalot.gg/manga/the-crybaby-i-played-with-long-ago-has-become-the-school-s-cool-idol/chapter-19"
30194,"Soku Ochi 2 Page kara Hajimaru Kouishuzoku Monogatari","Chapter 10","https://www.mangakakalot.gg/manga/soku-ochi-2-page-kara-hajimaru-kouishuzoku-monogatari/chapter-10"
30002,"Nana To Kaoru ～Kokosei No Sm Gokko～","Chapter 28","https://www.mangakakalot.gg/manga/nana-to-kaoru-kokosei-no-sm-gokko/chapter-28"
29873,"Kunoichi Tsubaki No Mune No Uchi","Chapter 54","https://www.mangakakalot.gg/manga/kunoichi-tsubaki-no-mune-no-uchi/chapter-54"
28849,"Shen Yi Di Nu","Chapter 541","https://www.mangakakalot.gg/manga/shen-yi-di-nu/chapter-541"
29682,"Kou 1 Desu ga Isekai de Joushu Hajimemashita","Chapter 44","https://www.mangakakalot.gg/manga/kou-1-desu-ga-isekai-de-joushu-hajimemashita/chapter-44"
29666,"I'm Sandwiched Between Sweet and Spicy Step-Sisters","Chapter 3","https://www.mangakakalot.gg/manga/i-m-sandwiched-between-sweet-and-spicy-step-sisters/chapter-3"
28971,"Jitsu wa Watashi wa","Chapter 196.5","https://www.mangakakalot.gg/manga/jitsu-wa-watashi-wa/chapter-196-5"
29562,"The Secret Etiquette Of Lady Takashima.","Chapter 21","https://www.mangakakalot.gg/manga/the-secret-etiquette-of-lady-takashima/chapter-21"
27867,"My Wife Is A Demon Queen","Chapter 238","https://www.mangakakalot.gg/manga/my-wife-is-a-demon-queen/chapter-238"
28588,"I Gave Birth To The Tyrant’S Child","Chapter 51","https://www.mangakakalot.gg/manga/i-gave-birth-to-the-tyrants-child/chapter-51"
7640,"Isekai Monster Breeder","Chapter 60","https://www.mangakakalot.gg/manga/isekai-monster-breeder/chapter-60"
28299,"Deatte 5 Byou De Battle","Chapter 182","https://www.mangakakalot.gg/manga/deatte-5-byou-de-battle/chapter-182"
28591,"Gamer's Girlfriend","Chapter 3","https://www.mangakakalot.gg/manga/gamer-s-girlfriend/chapter-3"
5841,"Useless Ponko","Chapter 1","https://www.mangakakalot.gg/manga/useless-ponko/chapter-1"
27213,"Burakku Gakkou Ni Tsutomete Shimatta Sensei","Chapter 28","https://www.mangakakalot.gg/manga/burakku-gakkou-ni-tsutomete-shimatta-sensei/chapter-28"
27010,"Sensei, Ore ni Kamawazu Itte Kudasai!!","Chapter 40","https://www.mangakakalot.gg/manga/sensei-ore-ni-kamawazu-itte-kudasai/chapter-40"
16209,"One Piece - Digital Colored Comics","Chapter 104","https://www.mangakakalot.gg/manga/one-piece-digital-colored-comics/chapter-104"
25695,"Negative Hero And The Demon Lord Army Leader","Chapter 23","https://www.mangakakalot.gg/manga/negative-hero-and-the-demon-lord-army-leader/chapter-23"
22037,"Hatsukoi Maze","Chapter 24","https://www.mangakakalot.gg/manga/hatsukoi-maze/chapter-24"
21405,"On The Way Home, I Got A Bride And Twin Daughters, But They Were Dragons","Chapter 10","https://www.mangakakalot.gg/manga/on-the-way-home-i-got-a-bride-and-twin-daughters-but-they-were-dragons/chapter-10"
19767,"Gyaru Sensei","Chapter 18","https://www.mangakakalot.gg/manga/gyaru-sensei/chapter-18"
2021,"Yamemasu Tsugi No Shokuba Ha Mao Jo","Chapter 34.1","https://www.mangakakalot.gg/manga/yamemasu-tsugi-no-shokuba-ha-mao-jo/chapter-34-1"
18555,"To-Love-Ru","Chapter 1","https://www.mangakakalot.gg/manga/to-love-ru/chapter-1"
2122,"Doraemon","Chapter 246","https://www.mangakakalot.gg/manga/doraemon/chapter-246"
16441,"The Duke Of Death And His Black Maid","Chapter 223","https://www.mangakakalot.gg/manga/the-duke-of-death-and-his-black-maid/chapter-223"
17103,"Witchcraft Works","Chapter 66","https://www.mangakakalot.gg/manga/witchcraft-works/chapter-66"
7196,"Maid-san wa Taberu Dake","Chapter 37","https://www.mangakakalot.gg/manga/maid-san-wa-taberu-dake/chapter-37"
15499,"Himouto! Umaru-Chan","Chapter 204","https://www.mangakakalot.gg/manga/himouto-umaru-chan/chapter-204"
15513,"Hatsukoi Zombie","Chapter 5","https://www.mangakakalot.gg/manga/hatsukoi-zombie/chapter-5"
13546,"Shitai No ♡ Karen San!!","Chapter 31","https://www.mangakakalot.gg/manga/shitai-no-karen-san/chapter-31"
13513,"Omoi Ga Omoi Omoi-San","Chapter 1","https://www.mangakakalot.gg/manga/omoi-ga-omoi-omoi-san/chapter-1"
12663,"Mahou Sensei Negima!","Chapter 3","https://www.mangakakalot.gg/manga/mahou-sensei-negima/chapter-3"
12125,"Nanatsu No Taizai","Chapter 346.5","https://www.mangakakalot.gg/manga/nanatsu-no-taizai/chapter-346-5"
13008,"Cyclops Shoujo Saipu~","Chapter 140","https://www.mangakakalot.gg/manga/cyclops-shoujo-saipu/chapter-140"
12785,"Nozoki Ana","Chapter 2","https://www.mangakakalot.gg/manga/nozoki-ana/chapter-2"
12903,"Houkago no! Iruma-kun","Chapter 1","https://www.mangakakalot.gg/manga/houkago-no-iruma-kun/chapter-1"
12526,"Premarital Relationship","Chapter 68","https://www.mangakakalot.gg/manga/premarital-relationship/chapter-68"
11408,"Amano Megumi Wa Suki Darake!","Chapter 1","https://www.mangakakalot.gg/manga/amano-megumi-wa-suki-darake/chapter-1"
9049,"Gintama","Chapter 331","https://www.mangakakalot.gg/manga/gintama/chapter-331"
11096,"Kyoudai Hodo Chikaku Tooimono Wa Nai","Chapter 78","https://www.mangakakalot.gg/manga/kyoudai-hodo-chikaku-tooimono-wa-nai/chapter-78"
9959,"Secret X Siblings","Chapter 38","https://www.mangakakalot.gg/manga/secret-x-siblings/chapter-38"
9265,"My New Wife Is Forcing Herself to Smile","Chapter 69","https://www.mangakakalot.gg/manga/my-new-wife-is-forcing-herself-to-smile/chapter-69"
8987,"Satou-san Who Sits Next To Me","Chapter 19","https://www.mangakakalot.gg/manga/satou-san-who-sits-next-to-me/chapter-19"
7195,"Megami-Ryou No Ryoubo-Kun.","Chapter 49","https://www.mangakakalot.gg/manga/megami-ryou-no-ryoubo-kun/chapter-49"
7126,"The Student Council President Solves Everything on the Bed","Chapter 11","https://www.mangakakalot.gg/manga/the-student-council-president-solves-everything-on-the-bed/chapter-11"
5023,"Criminale!","Chapter 2","https://www.mangakakalot.gg/manga/criminale/chapter-2"
4418,"There's No Way A Side Character Like Me Could Be Popular, Right?","Chapter 13","https://www.mangakakalot.gg/manga/there-s-no-way-a-side-character-like-me-could-be-popular-right/chapter-13"
3440,"Kanako's Life as an Assassin","Chapter 64.1","https://www.mangakakalot.gg/manga/kanako-s-life-as-an-assassin/chapter-64-1"
2355,"You, The One Sitting Next To Me, Are The Cutest.","Chapter 33","https://www.mangakakalot.gg/manga/you-the-one-sitting-next-to-me-are-the-cutest/chapter-33"
2234,"Urushiha Sarara wa Koi nado shinai","Chapter 2","https://www.mangakakalot.gg/manga/urushiha-sarara-wa-koi-nado-shinai/chapter-2"
1742,"The Iceblade Magician Rules Over The World","Chapter 44","https://www.mangakakalot.gg/manga/the-iceblade-magician-rules-over-the-world/chapter-44"
1174,"I Fell In Love, So I Tried Livestreaming","Chapter 89","https://www.mangakakalot.gg/manga/i-fell-in-love-so-i-tried-livestreaming/chapter-89"
881,"My Girlfriend Cheated on Me With a Senior, so I’m Cheating on Her With His Girlfriend","Chapter 4","https://www.mangakakalot.gg/manga/my-girlfriend-cheated-on-me-with-a-senior-so-im-cheating-on-her-with-his-girlfriend/chapter-4"
765,"Though Young People Recoil From Entering the Black Magic Industry, I Found Its Treatment of Employees Quite Good When I Entered It, and the President and Familiar Are Cute Too So Everything Is Awesome","Chapter 38","https://www.mangakakalot.gg/manga/though-young-people-recoil-from-entering-the-black-magic-industry-i-found-its-treatment-of-employees-quite-good-when-i-entered-it-and-the-president-and-familiar-are-cute-too-so-everything-is-awesome/chapter-38"
586,"The Story Of An Onee-San Who Wants To Keep A High School Boy","Chapter 4","https://www.mangakakalot.gg/manga/the-story-of-an-onee-san-who-wants-to-keep-a-high-school-boy/chapter-4"
449,"My Junior Was My Mom In Her Past Life","Chapter 20","https://www.mangakakalot.gg/manga/my-junior-was-my-mom-in-her-past-life/chapter-20"
33772,"Pokémon Special Scarlet & Violet","Not Found",
45170,"Grand Blue","Chapter 107.5","https://www.mangakakalot.gg/manga/grand-blue/chapter-107-5"
43237,"Boku No Kokoro No Yabai Yatsu","Chapter 185","https://www.mangakakalot.gg/manga/boku-no-kokoro-no-yabai-yatsu/chapter-185"
29091,"Mairimashita! Iruma-Kun Mafia Au","Chapter 30","https://www.mangakakalot.gg/manga/mairimashita-iruma-kun-mafia-au/chapter-30"
42521,"Maou-Jou De Oyasumi","Chapter 429","https://www.mangakakalot.gg/manga/maou-jou-de-oyasumi/chapter-429"
29284,"The Angel Next Door Spoils Me Rotten: After The Rain","Not Found",
37476,"Mikadono Sanshimai Wa Angai, Choroi","Chapter 191","https://www.mangakakalot.gg/manga/mikadono-sanshimai-wa-angai-choroi/chapter-191"
7306,"Goblin Slayer","Not Found",
48273,"Demon X Angel, Can’t Get Along!","Not Found",
12069,"Futaba-San Chi No Kyoudai","Chapter 41","https://www.mangakakalot.gg/manga/futaba-san-chi-no-kyoudai/chapter-41"
28910,"Why Are You Here Sensei!?","Chapter 117","https://www.mangakakalot.gg/manga/why-are-you-here-sensei/chapter-117"
43893,"Parallel Paradise","Not Found",
24780,"Haite Kudasai, Takamine-San","Chapter 68.2","https://www.mangakakalot.gg/manga/haite-kudasai-takamine-san/chapter-68-2"
58633,"Ascendance of a Bookworm ~I'll do anything to become a librarian!~  Part 1 If there aren't any books, I'll just have make some!","Not Found",
28986,"Villainess Level 99 ~I May Be The Hidden Boss But I'm Not The Demon Lord~","Not Found",
1682,"Girlfriend Who Absolutely Doesn’T Want To Take A Bath Vs Boyfriend Who Absolutely Wants Her To Take A Bath","Chapter 49.5","https://www.mangakakalot.gg/manga/girlfriend-who-absolutely-doesnt-want-to-take-a-bath-vs-boyfriend-who-absolutely-wants-her-to-take-a-bath/chapter-49-5"
42031,"Mafia's Daughter: Operation Makeover","Not Found",
42929,"Sousou No Frieren","Chapter 147","https://www.mangakakalot.gg/manga/sousou-no-frieren/chapter-147"
44181,"The Teacher Can Not Tell Me Love","Chapter 48","https://www.mangakakalot.gg/manga/the-teacher-can-not-tell-me-love/chapter-48"
17781,"Fruits Basket","Not Found",
31759,"Solo Leveling","Chapter 202","https://www.mangakakalot.gg/manga/solo-leveling/chapter-202"
39869,"Nisekoi","Chapter 229.7","https://www.mangakakalot.gg/manga/nisekoi/chapter-229-7"
34444,"Murenase! Shiiton Gakuen","Chapter 153","https://www.mangakakalot.gg/manga/murenase-shiiton-gakuen/chapter-153"
3205,"Death Note","Chapter 112","https://www.mangakakalot.gg/manga/death-note/chapter-112"
57383,"The War of Corpses","Not Found",
32361,"Kimetsu No Yaiba","Chapter 206","https://www.mangakakalot.gg/manga/kimetsu-no-yaiba/chapter-206"
38131,"Potion-Danomi De Ikinobimasu!","Chapter 49.5","https://www.mangakakalot.gg/manga/potion-danomi-de-ikinobimasu/chapter-49-5"
32162,"Kiss X Sis","Chapter 154","https://www.mangakakalot.gg/manga/kiss-x-sis/chapter-154"
9314,"Hitomi-Chan Is Shy With Strangers","Chapter 144","https://www.mangakakalot.gg/manga/hitomi-chan-is-shy-with-strangers/chapter-144"
58443,"My Ex-Wife Is Young Again And She’s In My Class","Chapter 10","https://www.mangakakalot.gg/manga/my-ex-wife-is-young-again-and-shes-in-my-class/chapter-10"
2468,"Handa-Kun","Not Found",
34795,"Dragon Ball Super","Chapter 104","https://www.mangakakalot.gg/manga/dragon-ball-super/chapter-104"
41831,"Gyaru Ni Koisuru 5 Byou Mae Anthology Comic","Chapter 5","https://www.mangakakalot.gg/manga/gyaru-ni-koisuru-5-byou-mae-anthology-comic/chapter-5"
46025,"Maoyuu Maou Yuusha -","Chapter 56","https://www.mangakakalot.gg/manga/maoyuu-maou-yuusha_1004/chapter-56"
49211,"Pokémon Special","Not Found",
44702,"Kindaichi Shounen No Jikenbo R","Not Found",
44721,"5Toubun No Hanayome - Yotsuba Doujins","Chapter 17","https://www.mangakakalot.gg/manga/5toubun-no-hanayome-yotsuba-doujins/chapter-17"
44718,"How About A Friend At Night?","Chapter 3.1","https://www.mangakakalot.gg/manga/how-about-a-friend-at-night/chapter-3-1"
43736,"An Evil Dragon That Was Sealed Away For 300 Years Became My Friend","Chapter 32","https://www.mangakakalot.gg/manga/an-evil-dragon-that-was-sealed-away-for-300-years-became-my-friend/chapter-32"
41966,"Tejina Senpai","Chapter 128","https://www.mangakakalot.gg/manga/tejina-senpai/chapter-128"
41221,"The Superb Captain in the City","Chapter 336","https://www.mangakakalot.gg/manga/the-superb-captain-in-the-city/chapter-336"
41466,"Shukan Brick","Chapter 85.2","https://www.mangakakalot.gg/manga/shukan-brick/chapter-85-2"
40792,"Tomo-Chan Wa Onnanoko!","Chapter 953.6","https://www.mangakakalot.gg/manga/tomo-chan-wa-onnanoko/chapter-953-6"
41252,"Yoko-san, Sugari Yoru.","Chapter 30","https://www.mangakakalot.gg/manga/yoko-san-sugari-yoru/chapter-30"
41081,"The Dreaming Boy Is A Realist","Chapter 33","https://www.mangakakalot.gg/manga/the-dreaming-boy-is-a-realist/chapter-33"
40527,"Mousou Telepathy","Chapter 717.8","https://www.mangakakalot.gg/manga/mousou-telepathy/chapter-717-8"
40092,"Mahouka Koukou No Rettousei - Yokohama Souran Hen","Chapter 24","https://www.mangakakalot.gg/manga/mahouka-koukou-no-rettousei-yokohama-souran-hen/chapter-24"
39325,"Bokutachi Wa Benkyou Ga Dekinai","Chapter 187","https://www.mangakakalot.gg/manga/bokutachi-wa-benkyou-ga-dekinai/chapter-187"
39090,"Yuragi-Sou No Yuuna-San","Chapter 209.5","https://www.mangakakalot.gg/manga/yuragi-sou-no-yuuna-san/chapter-209-5"
39333,"The Senior And Junior Broke Up Three Months Ago","Chapter 29.2","https://www.mangakakalot.gg/manga/the-senior-and-junior-broke-up-three-months-ago/chapter-29-2"
38995,"Futari Ecchi","Chapter 506","https://www.mangakakalot.gg/manga/futari-ecchi/chapter-506"
30712,"Runway De Waratte","Chapter 194","https://www.mangakakalot.gg/manga/runway-de-waratte/chapter-194"
39236,"Koitsu Ore No Koto Suki Nanoka?!","Chapter 25","https://www.mangakakalot.gg/manga/koitsu-ore-no-koto-suki-nanoka/chapter-25"
38866,"Me And My 26-Year-Old Female Tenant","Chapter 253","https://www.mangakakalot.gg/manga/me-and-my-26-year-old-female-tenant/chapter-253"
38911,"Tensura Nikki Tensei Shitara Slime Datta Ken","Chapter 94.5","https://www.mangakakalot.gg/manga/tensura-nikki-tensei-shitara-slime-datta-ken/chapter-94-5"
38667,"Wotaku Ni Koi Wa Muzukashii","Chapter 86","https://www.mangakakalot.gg/manga/wotaku-ni-koi-wa-muzukashii/chapter-86"
38781,"Don't Blush, Sekime-san!","Chapter 43","https://www.mangakakalot.gg/manga/don-t-blush-sekime-san/chapter-43"
38766,"Kanojo, Hitomishirimasu","Chapter 19","https://www.mangakakalot.gg/manga/kanojo-hitomishirimasu/chapter-19"
38760,"A Story about Living with a Ghost who will Attain Enlightenment in a Year.","Chapter 19","https://www.mangakakalot.gg/manga/a-story-about-living-with-a-ghost-who-will-attain-enlightenment-in-a-year/chapter-19"
38757,"Nagi no Asukara","Chapter 6","https://www.mangakakalot.gg/manga/nagi-no-asukara/chapter-6"
37912,"Bleach","Chapter 687","https://www.mangakakalot.gg/manga/bleach/chapter-687"
38658,"Shuumatsu no Kohinata-san","Chapter 3","https://www.mangakakalot.gg/manga/shuumatsu-no-kohinata-san/chapter-3"
38115,"Seitokai Yakuindomo","Chapter 641.5","https://www.mangakakalot.gg/manga/seitokai-yakuindomo/chapter-641-5"
38508,"Utakata No Minato","Chapter 23","https://www.mangakakalot.gg/manga/utakata-no-minato/chapter-23"
38467,"At That Time, The Battle Began","Chapter 22","https://www.mangakakalot.gg/manga/at-that-time-the-battle-began/chapter-22"
38231,"Giri-Giri Saegiru Katagirisan","Chapter 40.5","https://www.mangakakalot.gg/manga/giri-giri-saegiru-katagirisan/chapter-40-5"
37946,"Honkai Impact 3Rd - 2Nd Lawman","Chapter 63.2","https://www.mangakakalot.gg/manga/honkai-impact-3rd-2nd-lawman/chapter-63-2"
37953,"A Story About a Yakuza and a Detective With a Stern Face","Chapter 29.2","https://www.mangakakalot.gg/manga/a-story-about-a-yakuza-and-a-detective-with-a-stern-face/chapter-29-2"
35118,"For Certain Reasons, The Villainess Noble Lady Will Live Her Post-Engagement Annulment Life Freely","Chapter 26","https://www.mangakakalot.gg/manga/for-certain-reasons-the-villainess-noble-lady-will-live-her-post-engagement-annulment-life-freely/chapter-26"
37530,"Honkai Gakuen 4 Koma","Chapter 125","https://www.mangakakalot.gg/manga/honkai-gakuen-4-koma/chapter-125"
37539,"Uchi no Yome wa Jibun no Koto shika Kangaenai!!","Chapter 14","https://www.mangakakalot.gg/manga/uchi-no-yome-wa-jibun-no-koto-shika-kangaenai/chapter-14"
36872,"Mashle","Chapter 162.5","https://www.mangakakalot.gg/manga/mashle/chapter-162-5"
35568,"Ranma 1/2","Chapter 407","https://www.mangakakalot.gg/manga/ranma-1-2/chapter-407"
36414,"Go-Toubun No Hanayome","Chapter 123","https://www.mangakakalot.gg/manga/go-toubun-no-hanayome/chapter-123"
36825,"A Manga Where A Kouhai Wants To Beat Her Senpai And Confess","Chapter 3","https://www.mangakakalot.gg/manga/a-manga-where-a-kouhai-wants-to-beat-her-senpai-and-confess/chapter-3"
36195,"Hitoribocchi No Oo Seikatsu","Chapter 100","https://www.mangakakalot.gg/manga/hitoribocchi-no-oo-seikatsu/chapter-100"
36471,"A Story About a Totally Straightforward Girlfriend","Chapter 6","https://www.mangakakalot.gg/manga/a-story-about-a-totally-straightforward-girlfriend/chapter-6"
35569,"Koi To Uso","Chapter 287.2","https://www.mangakakalot.gg/manga/koi-to-uso/chapter-287-2"
36278,"Keizoku wa Maryoku Nari","Chapter 13","https://www.mangakakalot.gg/manga/keizoku-wa-maryoku-nari/chapter-13"
35988,"Osananajimi Ga Mamasugite Tsurai","Chapter 13.5","https://www.mangakakalot.gg/manga/osananajimi-ga-mamasugite-tsurai/chapter-13-5"
35148,"The Monster Duchess And Contract Princess","Chapter 190","https://www.mangakakalot.gg/manga/the-monster-duchess-and-contract-princess/chapter-190"
35791,"Shirokuma to Fumeikyoku","Chapter 23","https://www.mangakakalot.gg/manga/shirokuma-to-fumeikyoku/chapter-23"
34967,"Hayate No Gotoku!","Chapter 569","https://www.mangakakalot.gg/manga/hayate-no-gotoku/chapter-569"
35614,"Tanaka ~Nenrei Equal Kanojo Inaireki no Mahoutsukai~","Chapter 21","https://www.mangakakalot.gg/manga/tanaka-nenrei-equal-kanojo-inaireki-no-mahoutsukai/chapter-21"
35456,"The Story Of A Manga Artist Confined By A Strange High School Girl","Chapter 49","https://www.mangakakalot.gg/manga/the-story-of-a-manga-artist-confined-by-a-strange-high-school-girl/chapter-49"
34525,"Magic of Love","Chapter 48","https://www.mangakakalot.gg/manga/magic-of-love/chapter-48"
35110,"My Company's Small Senpai","Chapter 73","https://www.mangakakalot.gg/manga/my-company-s-small-senpai/chapter-73"
34890,"Daily Life Of A Certain Married Couple","Chapter 50","https://www.mangakakalot.gg/manga/daily-life-of-a-certain-married-couple/chapter-50"
34844,"Kanojo no Kagi wo Akeru Houhou","Chapter 70","https://www.mangakakalot.gg/manga/kanojo-no-kagi-wo-akeru-houhou/chapter-70"
34411,"Beck","Chapter 102.3","https://www.mangakakalot.gg/manga/beck/chapter-102-3"
33609,"My Wife Is A Fox Spirit","Chapter 196","https://www.mangakakalot.gg/manga/my-wife-is-a-fox-spirit/chapter-196"
34560,"The Timid Succubus And Her Handsome Meal","Chapter 18","https://www.mangakakalot.gg/manga/the-timid-succubus-and-her-handsome-meal/chapter-18"
34334,"Hinmin Choujin Kanenashi-kun","Chapter 40","https://www.mangakakalot.gg/manga/hinmin-choujin-kanenashi-kun/chapter-40"
34383,"Midashitai Giya-san to Midarenai Tadamichi","Chapter 18.1","https://www.mangakakalot.gg/manga/midashitai-giya-san-to-midarenai-tadamichi/chapter-18-1"
34323,"Belial-sama wa Shitennou no Naka demo xx","Chapter 19.5","https://www.mangakakalot.gg/manga/belial-sama-wa-shitennou-no-naka-demo-xx/chapter-19-5"
33963,"Kuno Chiyo the Precog","Chapter 61","https://www.mangakakalot.gg/manga/kuno-chiyo-the-precog/chapter-61"
33821,"Eiyuu No Musume To Shite Umarekawatta Eiyuu Wa Futatabi Eiyuu O Mezasu","Chapter 24.5","https://www.mangakakalot.gg/manga/eiyuu-no-musume-to-shite-umarekawatta-eiyuu-wa-futatabi-eiyuu-o-mezasu/chapter-24-5"
33504,"Stravaganza - Isai no Hime","Chapter 42.5","https://www.mangakakalot.gg/manga/stravaganza-isai-no-hime/chapter-42-5"
33774,"Onizuka-chan and Sawarida-kun","Chapter 49.5","https://www.mangakakalot.gg/manga/onizuka-chan-and-sawarida-kun/chapter-49-5"
33640,"Shakunetsu No Niraikanai","Chapter 47","https://www.mangakakalot.gg/manga/shakunetsu-no-niraikanai/chapter-47"
33579,"A Kiss, For Real","Chapter 37","https://www.mangakakalot.gg/manga/a-kiss-for-real/chapter-37"
30027,"Danchigai","Chapter 126","https://www.mangakakalot.gg/manga/danchigai/chapter-126"
33290,"Do Chokkyuu Kareshi x Kanojo","Chapter 39","https://www.mangakakalot.gg/manga/do-chokkyuu-kareshi-x-kanojo/chapter-39"
32983,"Maou Gakuin No Futekigousha","Chapter 15.4","https://www.mangakakalot.gg/manga/maou-gakuin-no-futekigousha/chapter-15-4"
32945,"Choroidesuyo Onigoroshi-san!","Chapter 16.2","https://www.mangakakalot.gg/manga/choroidesuyo-onigoroshi-san/chapter-16-2"
32558,"Tokyo Manji Revengers","Chapter 278.8","https://www.mangakakalot.gg/manga/tokyo-manji-revengers/chapter-278-8"
32760,"Sounan Desu Ka?","Chapter 86","https://www.mangakakalot.gg/manga/sounan-desu-ka/chapter-86"
32801,"Undine Of The Desert World","Chapter 30","https://www.mangakakalot.gg/manga/undine-of-the-desert-world/chapter-30"
32214,"New Game!","Chapter 152.2","https://www.mangakakalot.gg/manga/new-game/chapter-152-2"
32498,"Hiratsu cute, Shizu cute!","Chapter 52.5","https://www.mangakakalot.gg/manga/hiratsu-cute-shizu-cute/chapter-52-5"
32440,"Sabae to Yattara Owaru","Chapter 10","https://www.mangakakalot.gg/manga/sabae-to-yattara-owaru/chapter-10"
32306,"To Love-Ru - Prototype Other Love (Doujinshi)","Chapter 5","https://www.mangakakalot.gg/manga/to-love-ru-prototype-other-love-doujinshi/chapter-5"
32246,"Next Door Kuroki-San Is Dangerous When She Drinks","Chapter 16","https://www.mangakakalot.gg/manga/next-door-kuroki-san-is-dangerous-when-she-drinks/chapter-16"
32233,"Spirited Away By The Rain Woman Youkai","Chapter 45.8","https://www.mangakakalot.gg/manga/spirited-away-by-the-rain-woman-youkai/chapter-45-8"
32067,"Don't Cry Maou-Chan","Chapter 49.5","https://www.mangakakalot.gg/manga/don-t-cry-maou-chan/chapter-49-5"
31999,"Zombi Shoujo no Fujimi-san","Chapter 12.1","https://www.mangakakalot.gg/manga/zombi-shoujo-no-fujimi-san/chapter-12-1"
29638,"Relife","Chapter 223.9","https://www.mangakakalot.gg/manga/relife/chapter-223-9"
30255,"A Returner's Magic Should Be Special","Chapter 269","https://www.mangakakalot.gg/manga/a-returner-s-magic-should-be-special/chapter-269"
31476,"S Rare Soubi No Niau Kanojo","Chapter 50","https://www.mangakakalot.gg/manga/s-rare-soubi-no-niau-kanojo/chapter-50"
31524,"Megami no Sprinter","Chapter 42","https://www.mangakakalot.gg/manga/megami-no-sprinter/chapter-42"
31367,"Five Brides of Miharashi Apartment","Chapter 13.5","https://www.mangakakalot.gg/manga/five-brides-of-miharashi-apartment/chapter-13-5"
30230,"The Boy In The All-Girls School","Chapter 473","https://www.mangakakalot.gg/manga/the-boy-in-the-all-girls-school/chapter-473"
30409,"I Reincarnated into an Otome Game as a Villainess With Only Destruction Flags... In a Dire Situation!? Verge of Destruction Arc","Chapter 19","https://www.mangakakalot.gg/manga/i-reincarnated-into-an-otome-game-as-a-villainess-with-only-destruction-flags-in-a-dire-situation-verge-of-destruction-arc/chapter-19"
30746,"I Was Summoned By The Demon Lord, But I Can't Understand Her Language","Chapter 31","https://www.mangakakalot.gg/manga/i-was-summoned-by-the-demon-lord-but-i-can-t-understand-her-language/chapter-31"
30677,"Oni ga Deru ka Ja ga Deru ka","Chapter 33","https://www.mangakakalot.gg/manga/oni-ga-deru-ka-ja-ga-deru-ka/chapter-33"
30600,"Aola Star - Parallel Universe","Chapter 116","https://www.mangakakalot.gg/manga/aola-star-parallel-universe/chapter-116"
30540,"Tokage Bakuhatsu Shiro","Chapter 6","https://www.mangakakalot.gg/manga/tokage-bakuhatsu-shiro/chapter-6"
30391,"Nanako-san Teki na Nichijou Dash!!","Chapter 43","https://www.mangakakalot.gg/manga/nanako-san-teki-na-nichijou-dash/chapter-43"
30374,"Minotaurus's Sweetheart","Chapter 17","https://www.mangakakalot.gg/manga/minotaurus-s-sweetheart/chapter-17"
30326,"Gamers!","Chapter 24","https://www.mangakakalot.gg/manga/gamers/chapter-24"
30189,"Witch Meets Knight","Chapter 14","https://www.mangakakalot.gg/manga/witch-meets-knight/chapter-14"
30078,"Jubunnoichi no Hanayome","Chapter 59.5","https://www.mangakakalot.gg/manga/jubunnoichi-no-hanayome/chapter-59-5"
29876,"The Hero And The Demon King's Romcom","Chapter 58","https://www.mangakakalot.gg/manga/the-hero-and-the-demon-king-s-romcom/chapter-58"
29838,"This Is It!","Chapter 12","https://www.mangakakalot.gg/manga/this-is-it/chapter-12"
29344,"She May Not Be Cute","Chapter 106","https://www.mangakakalot.gg/manga/she-may-not-be-cute/chapter-106"
24908,"Kitsune no Akuma to Kuroi Madousho","Chapter 27","https://www.mangakakalot.gg/manga/kitsune-no-akuma-to-kuroi-madousho/chapter-27"
23850,"Inari, Konkon, Koi Iroha","Chapter 50","https://www.mangakakalot.gg/manga/inari-konkon-koi-iroha/chapter-50"
24163,"Cross Ange - Tenshi to Ryuu no Gakuen","Not Found",
21149,"The World God Only Knows","Chapter 268","https://www.mangakakalot.gg/manga/the-world-god-only-knows/chapter-268"
22436,"Ore No Kanojo To Osananajimi Ga Shuraba Sugiru","Chapter 37.5","https://www.mangakakalot.gg/manga/ore-no-kanojo-to-osananajimi-ga-shuraba-sugiru/chapter-37-5"
22055,"Murasakiiro no Qualia","Chapter 18.1","https://www.mangakakalot.gg/manga/murasakiiro-no-qualia/chapter-18-1"
21775,"Double Arts","Chapter 23.6","https://www.mangakakalot.gg/manga/double-arts/chapter-23-6"
21924,"Seitokai No Ichizon","Chapter 9.5","https://www.mangakakalot.gg/manga/seitokai-no-ichizon/chapter-9-5"
21107,"Little Busters! The 4-Koma","Chapter 47","https://www.mangakakalot.gg/manga/little-busters-the-4-koma/chapter-47"
21110,"Ore No Imouto Ga Konna Ni Kawaii Wake Ga Nai","Chapter 27","https://www.mangakakalot.gg/manga/ore-no-imouto-ga-konna-ni-kawaii-wake-ga-nai/chapter-27"
20364,"Tonari No Kaibutsu-Kun","Chapter 51","https://www.mangakakalot.gg/manga/tonari-no-kaibutsu-kun/chapter-51"
18941,"ib - Instant Bullet","Chapter 25","https://www.mangakakalot.gg/manga/ib-instant-bullet/chapter-25"
18925,"Mousugu Shinu Hito (HARUSE Hiroki)","Chapter 16","https://www.mangakakalot.gg/manga/mousugu-shinu-hito-haruse-hiroki/chapter-16"
18724,"Dakara Boku Wa, H Ga Dekinai.","Chapter 28","https://www.mangakakalot.gg/manga/dakara-boku-wa-h-ga-dekinai/chapter-28"
18119,"Desire (KOTANI Kenichi)","Not Found",
17625,"Shinobuna! Chiyo-chan","Chapter 31","https://www.mangakakalot.gg/manga/shinobuna-chiyo-chan/chapter-31"
17371,"A Happy Couple","Chapter 22","https://www.mangakakalot.gg/manga/a-happy-couple/chapter-22"
16835,"Koi Wa Amaagari No You Ni","Chapter 82","https://www.mangakakalot.gg/manga/koi-wa-amaagari-no-you-ni/chapter-82"
16844,"Second Summer, Never See You Again","Chapter 10","https://www.mangakakalot.gg/manga/second-summer-never-see-you-again/chapter-10"
16674,"The Special Girl","Chapter 5","https://www.mangakakalot.gg/manga/the-special-girl/chapter-5"
16294,"Ohayou Toka Oyasumi Toka","Chapter 30","https://www.mangakakalot.gg/manga/ohayou-toka-oyasumi-toka/chapter-30"
16349,"A Story About an Old Man Teaches Bad Things to a School Girl","Chapter 27.2","https://www.mangakakalot.gg/manga/a-story-about-an-old-man-teaches-bad-things-to-a-school-girl/chapter-27-2"
16351,"Hatsukoi Losstime","Chapter 9","https://www.mangakakalot.gg/manga/hatsukoi-losstime/chapter-9"
16149,"Kenja No Mago Ss","Chapter 34","https://www.mangakakalot.gg/manga/kenja-no-mago-ss/chapter-34"
16071,"Tsukiiro no Invader","Chapter 12","https://www.mangakakalot.gg/manga/tsukiiro-no-invader/chapter-12"
16048,"Itou-kun wa Koi wo Shiranai.","Chapter 17","https://www.mangakakalot.gg/manga/itou-kun-wa-koi-wo-shiranai/chapter-17"
16052,"If She's Silent, She's Just a Beauty","Chapter 6","https://www.mangakakalot.gg/manga/if-she-s-silent-she-s-just-a-beauty/chapter-6"
15946,"Bandai Kaname Wa Asobitai","Chapter 21","https://www.mangakakalot.gg/manga/bandai-kaname-wa-asobitai/chapter-21"
15763,"Saikin, Imouto no Yousu ga Chotto Okashii n da ga.","Chapter 54","https://www.mangakakalot.gg/manga/saikin-imouto-no-yousu-ga-chotto-okashii-n-da-ga/chapter-54"
15892,"Ninja Shinobu-Chan No Junjou","Chapter 30","https://www.mangakakalot.gg/manga/ninja-shinobu-chan-no-junjou/chapter-30"
15783,"Game Yaru kara 100-en Kashite!","Chapter 26.5","https://www.mangakakalot.gg/manga/game-yaru-kara-100-en-kashite/chapter-26-5"
2218,"Ore wo Suki Nano wa Omae Dake ka yo","Chapter 42","https://www.mangakakalot.gg/manga/ore-wo-suki-nano-wa-omae-dake-ka-yo/chapter-42"
15352,"Kamisama Hajimemashita","Chapter 149.6","https://www.mangakakalot.gg/manga/kamisama-hajimemashita/chapter-149-6"
15593,"Joshikousei to Seishokusha-san","Chapter 30","https://www.mangakakalot.gg/manga/joshikousei-to-seishokusha-san/chapter-30"
15636,"Sokuochi Mayuri-chan - ComicWalker serialization","Chapter 27","https://www.mangakakalot.gg/manga/sokuochi-mayuri-chan-comicwalker-serialization/chapter-27"
15403,"Kaichou Wa Maid-Sama!","Not Found",
15196,"Butsuri-san de Musou shitetara Motemote ni Narimashita","Chapter 31","https://www.mangakakalot.gg/manga/butsuri-san-de-musou-shitetara-motemote-ni-narimashita/chapter-31"
15101,"Kuchi Ga Saketemo Kimi Niwa","Chapter 3","https://www.mangakakalot.gg/manga/kuchi-ga-saketemo-kimi-niwa/chapter-3"
2252,"Chuan Yue Xi Yuan 3000 Hou","Chapter 463","https://www.mangakakalot.gg/manga/chuan-yue-xi-yuan-3000-hou/chapter-463"
14932,"Honkai Impact 3 - Moon Shadow","Chapter 13","https://www.mangakakalot.gg/manga/honkai-impact-3-moon-shadow/chapter-13"
14462,"Kimi Ga Shinu Made Ato 100 Nichi","Chapter 44","https://www.mangakakalot.gg/manga/kimi-ga-shinu-made-ato-100-nichi/chapter-44"
14595,"Gokurakugai Sanbandori No Ken","Chapter 1","https://www.mangakakalot.gg/manga/gokurakugai-sanbandori-no-ken/chapter-1"
14485,"Shounen, Chotto Sabotteko?","Chapter 39","https://www.mangakakalot.gg/manga/shounen-chotto-sabotteko/chapter-39"
14460,"Monsters Can't Clean","Chapter 25","https://www.mangakakalot.gg/manga/monsters-can-t-clean/chapter-25"
14095,"Ao-Chan Can't Study!","Not Found",
13872,"Ero Manga Sensei","Chapter 79","https://www.mangakakalot.gg/manga/ero-manga-sensei/chapter-79"
13841,"She’s Over the Top!","Chapter 49","https://www.mangakakalot.gg/manga/shes-over-the-top/chapter-49"
14016,"Kimi wa Boku o Suki ni Naru","Chapter 15","https://www.mangakakalot.gg/manga/kimi-wa-boku-o-suki-ni-naru/chapter-15"
13695,"Ansatsu Kyoushitsu","Chapter 184","https://www.mangakakalot.gg/manga/ansatsu-kyoushitsu/chapter-184"
13965,"The Female Hero and the Shota Orc","Chapter 23","https://www.mangakakalot.gg/manga/the-female-hero-and-the-shota-orc/chapter-23"
13899,"Kuzu No Honkai","Chapter 47","https://www.mangakakalot.gg/manga/kuzu-no-honkai/chapter-47"
13813,"Gal☆Clea!","Chapter 10","https://www.mangakakalot.gg/manga/galclea/chapter-10"
13829,"A Story About a Girl Who Pretended to Have a Frank Personality to Get Close to Her Crush","Chapter 1","https://www.mangakakalot.gg/manga/a-story-about-a-girl-who-pretended-to-have-a-frank-personality-to-get-close-to-her-crush/chapter-1"
12825,"Minamoto-kun Monogatari","Chapter 358.5","https://www.mangakakalot.gg/manga/minamoto-kun-monogatari/chapter-358-5"
13658,"Shinozaki Himeno's Love Q&A","Chapter 11","https://www.mangakakalot.gg/manga/shinozaki-himeno-s-love-q-a/chapter-11"
13543,"Yuri Mekuru Oshigoto","Chapter 20","https://www.mangakakalot.gg/manga/yuri-mekuru-oshigoto/chapter-20"
13333,"Tanaka The Wizard","Chapter 22","https://www.mangakakalot.gg/manga/tanaka-the-wizard/chapter-22"
12940,"Love Hina","Chapter 123","https://www.mangakakalot.gg/manga/love-hina/chapter-123"
12337,"Kindaichi Shounen No Jikenbo","Chapter 219","https://www.mangakakalot.gg/manga/kindaichi-shounen-no-jikenbo/chapter-219"
12804,"Moujuusei Shounen Shoujo","Chapter 20","https://www.mangakakalot.gg/manga/moujuusei-shounen-shoujo/chapter-20"
12674,"This Girl Will Express Herself in 100 Days","Chapter 100","https://www.mangakakalot.gg/manga/this-girl-will-express-herself-in-100-days/chapter-100"
12532,"Ms. Rinna's Lovesickness!","Chapter 15","https://www.mangakakalot.gg/manga/ms-rinna-s-lovesickness/chapter-15"
12621,"I Arrived at Ogre-san","Chapter 12","https://www.mangakakalot.gg/manga/i-arrived-at-ogre-san/chapter-12"
11854,"Yamada-Kun To 7-Nin No Majo","Chapter 243.5","https://www.mangakakalot.gg/manga/yamada-kun-to-7-nin-no-majo/chapter-243-5"
12295,"Naka No Hito Genome [Jikkyouchuu]","Chapter 48","https://www.mangakakalot.gg/manga/naka-no-hito-genome-jikkyouchuu/chapter-48"
11751,"Love Parameter","Chapter 112","https://www.mangakakalot.gg/manga/love-parameter/chapter-112"
12231,"Kami-sama Drop","Chapter 14","https://www.mangakakalot.gg/manga/kami-sama-drop/chapter-14"
12281,"Chicchai Kanojo Senpai ga Kawaisugiru.","Chapter 10.5","https://www.mangakakalot.gg/manga/chicchai-kanojo-senpai-ga-kawaisugiru/chapter-10-5"
11922,"I Picked Up A Demon Lord As A Maid","Chapter 45","https://www.mangakakalot.gg/manga/i-picked-up-a-demon-lord-as-a-maid/chapter-45"
12195,"Orenchi No Maid-San 2 (Hobby)","Chapter 59","https://www.mangakakalot.gg/manga/orenchi-no-maid-san-2-hobby/chapter-59"
12003,"Gal Gohan","Chapter 68.2","https://www.mangakakalot.gg/manga/gal-gohan/chapter-68-2"
12076,"These Two Will Be Married In 100 Daysthese Two Will Be Married In 100 Days","Chapter 100","https://www.mangakakalot.gg/manga/these-two-will-be-married-in-100-daysthese-two-will-be-married-in-100-days/chapter-100"
11986,"Honkai Impact 3","Chapter 63.2","https://www.mangakakalot.gg/manga/honkai-impact-3/chapter-63-2"
11496,"14 Sai No Koi","Chapter 51.5","https://www.mangakakalot.gg/manga/14-sai-no-koi/chapter-51-5"
2414,"Kin No Kanojo, Gin No Kanojo","Chapter 50","https://www.mangakakalot.gg/manga/kin-no-kanojo-gin-no-kanojo/chapter-50"
9577,"Fairy Tail","Chapter 545","https://www.mangakakalot.gg/manga/fairy-tail/chapter-545"
11583,"Shishidou-san ni Shikararetai","Chapter 23","https://www.mangakakalot.gg/manga/shishidou-san-ni-shikararetai/chapter-23"
11670,"Bokura No Fushidara","Chapter 12","https://www.mangakakalot.gg/manga/bokura-no-fushidara/chapter-12"
11685,"Toki Doki","Chapter 1.4","https://www.mangakakalot.gg/manga/toki-doki/chapter-1-4"
11378,"The Quiet Komori-San And The Loud Oobayashi-Kun","Chapter 45","https://www.mangakakalot.gg/manga/the-quiet-komori-san-and-the-loud-oobayashi-kun/chapter-45"
11438,"Doki Doki Yokai Love Battle! ~ Great Yokai War!","Chapter 6.5","https://www.mangakakalot.gg/manga/doki-doki-yokai-love-battle-great-yokai-war/chapter-6-5"
11369,"Himari no Mawari","Chapter 20.5","https://www.mangakakalot.gg/manga/himari-no-mawari/chapter-20-5"
11234,"Kuzumi-kun, Kuuki Yometemasu ka?","Chapter 51.5","https://www.mangakakalot.gg/manga/kuzumi-kun-kuuki-yometemasu-ka/chapter-51-5"
2270,"Kaguya Wants To Be Confessed To Official Doujin","Chapter 33","https://www.mangakakalot.gg/manga/kaguya-wants-to-be-confessed-to-official-doujin/chapter-33"
9946,"Kishuku Gakkou No Juliet","Chapter 119.5","https://www.mangakakalot.gg/manga/kishuku-gakkou-no-juliet/chapter-119-5"
11086,"Gakusen Toshi Asterisk","Chapter 37","https://www.mangakakalot.gg/manga/gakusen-toshi-asterisk/chapter-37"
10559,"Masamune-Kun No Revenge","Chapter 50","https://www.mangakakalot.gg/manga/masamune-kun-no-revenge/chapter-50"
10309,"Okusama Ga Seito Kaichou!","Chapter 69.5","https://www.mangakakalot.gg/manga/okusama-ga-seito-kaichou/chapter-69-5"
10287,"Zense Coupling","Chapter 55.5","https://www.mangakakalot.gg/manga/zense-coupling/chapter-55-5"
8997,"Shokugeki No Soma","Chapter 315.3","https://www.mangakakalot.gg/manga/shokugeki-no-soma/chapter-315-3"
7053,"Saotome Girl, Hitakakusu","Chapter 124.5","https://www.mangakakalot.gg/manga/saotome-girl-hitakakusu/chapter-124-5"
10236,"Little Busters! Ex The 4-Koma","Chapter 18","https://www.mangakakalot.gg/manga/little-busters-ex-the-4-koma/chapter-18"
10230,"Dorakon!","Chapter 8","https://www.mangakakalot.gg/manga/dorakon/chapter-8"
9944,"Yuusha ni Narenakatta Ore wa Shibushibu Shuushoku o Ketsuishimashita.","Chapter 16.5","https://www.mangakakalot.gg/manga/yuusha-ni-narenakatta-ore-wa-shibushibu-shuushoku-o-ketsuishimashita/chapter-16-5"
9673,"Kusumi-kun, Kuuki Yometemasu ka?","Chapter 45","https://www.mangakakalot.gg/manga/kusumi-kun-kuuki-yometemasu-ka/chapter-45"
7076,"Nukenai Seiken-Chan","Chapter 70.5","https://www.mangakakalot.gg/manga/nukenai-seiken-chan/chapter-70-5"
9381,"Pocket Monsters Special Sun & Moon","Chapter 37","https://www.mangakakalot.gg/manga/pocket-monsters-special-sun-moon/chapter-37"
8667,"The Fiancees Live Together","Chapter 130","https://www.mangakakalot.gg/manga/the-fiancees-live-together/chapter-130"
9366,"Fushida-sensei Is Always Wet","Chapter 2","https://www.mangakakalot.gg/manga/fushida-sensei-is-always-wet/chapter-2"
9330,"Honkai Impact 3 - Valkyries' Dining Escapades","Chapter 10","https://www.mangakakalot.gg/manga/honkai-impact-3-valkyries-dining-escapades/chapter-10"
9287,"Nekonotemo","Chapter 1","https://www.mangakakalot.gg/manga/nekonotemo/chapter-1"
9008,"Yonakano Reijini Haremu Wo","Chapter 34","https://www.mangakakalot.gg/manga/yonakano-reijini-haremu-wo/chapter-34"
8260,"Pashiri na Boku to Koi suru Banchou-san","Chapter 77","https://www.mangakakalot.gg/manga/pashiri-na-boku-to-koi-suru-banchou-san/chapter-77"
7274,"Watashitachi Wa Koi Wo Shiranai","Not Found",
7960,"Accel World","Chapter 42","https://www.mangakakalot.gg/manga/accel-world/chapter-42"
8041,"3D Kanojo","Chapter 47.5","https://www.mangakakalot.gg/manga/3d-kanojo/chapter-47-5"
6976,"To Love-Ru Darkness","Chapter 77.3","https://www.mangakakalot.gg/manga/to-love-ru-darkness/chapter-77-3"
7943,"Yuizaki-san ha Nageru!","Chapter 63","https://www.mangakakalot.gg/manga/yuizaki-san-ha-nageru/chapter-63"
7576,"Sekirara Ni Kiss","Chapter 37.5","https://www.mangakakalot.gg/manga/sekirara-ni-kiss/chapter-37-5"
7447,"Ore no Kanojo ni Nanika Youkai","Chapter 71","https://www.mangakakalot.gg/manga/ore-no-kanojo-ni-nanika-youkai/chapter-71"
7431,"Sangatsu wa Ore-sama ni Narimasu","Chapter 25","https://www.mangakakalot.gg/manga/sangatsu-wa-ore-sama-ni-narimasu/chapter-25"
2654,"Darling In The Franxx (Fan Colored)","Chapter 60","https://www.mangakakalot.gg/manga/darling-in-the-franxx-fan-colored/chapter-60"
7210,"Midarini Midarana Kuroyukihime Online","Chapter 27.5","https://www.mangakakalot.gg/manga/midarini-midarana-kuroyukihime-online/chapter-27-5"
6949,"Yuri Mekuru Hibi","Chapter 19","https://www.mangakakalot.gg/manga/yuri-mekuru-hibi/chapter-19"
6655,"Youko X Boku Ss","Chapter 49","https://www.mangakakalot.gg/manga/youko-x-boku-ss/chapter-49"
6752,"Maou-Sama To Kekkonshitai (Serialization)","Chapter 18","https://www.mangakakalot.gg/manga/maou-sama-to-kekkonshitai-serialization/chapter-18"
2308,"Genshin Impact","Chapter 16","https://www.mangakakalot.gg/manga/genshin-impact/chapter-16"
6488,"Destined to Be Eaten Within a Year By the Predacious Heroine","Chapter 13","https://www.mangakakalot.gg/manga/destined-to-be-eaten-within-a-year-by-the-predacious-heroine/chapter-13"
6439,"Chicchai Kanojo Senpai to Dōseishimasu.","Chapter 10.5","https://www.mangakakalot.gg/manga/chicchai-kanojo-senpai-to-doseishimasu/chapter-10-5"
6140,"Naraku no Futari","Chapter 29","https://www.mangakakalot.gg/manga/naraku-no-futari/chapter-29"
5729,"Joshiraku","Chapter 50","https://www.mangakakalot.gg/manga/joshiraku/chapter-50"
4573,"Enen No Shouboutai","Chapter 304","https://www.mangakakalot.gg/manga/enen-no-shouboutai/chapter-304"
5457,"Neon Genesis Evangelion","Chapter 97","https://www.mangakakalot.gg/manga/neon-genesis-evangelion/chapter-97"
4846,"Uq Holder!","Chapter 192","https://www.mangakakalot.gg/manga/uq-holder/chapter-192"
5430,"My Senpai Is After My Life","Chapter 40.5","https://www.mangakakalot.gg/manga/my-senpai-is-after-my-life/chapter-40-5"
4658,"Beelzebub","Chapter 246","https://www.mangakakalot.gg/manga/beelzebub/chapter-246"
5203,"Mayo Chiki!","Chapter 39","https://www.mangakakalot.gg/manga/mayo-chiki/chapter-39"
4102,"Domestic Na Kanojo","Chapter 277","https://www.mangakakalot.gg/manga/domestic-na-kanojo/chapter-277"
4714,"Yahari Ore no Seishun Rabukome wa Machigatte Iru. - Mougenroku","Chapter 86","https://www.mangakakalot.gg/manga/yahari-ore-no-seishun-rabukome-wa-machigatte-iru-mougenroku/chapter-86"
5000,"Dignified asleep SAEKI","Chapter 49.4","https://www.mangakakalot.gg/manga/dignified-asleep-saeki/chapter-49-4"
4934,"Orenchi no Maid-san","Chapter 71","https://www.mangakakalot.gg/manga/orenchi-no-maid-san/chapter-71"
4528,"Hunter Age","Chapter 240","https://www.mangakakalot.gg/manga/hunter-age/chapter-240"
4938,"Paperbag-Kun Is In Love","Chapter 15.4","https://www.mangakakalot.gg/manga/paperbag-kun-is-in-love/chapter-15-4"
4828,"100 Nichigo ni Kuufuku de Taore Maid ni Naru Onna no Ko","Chapter 79","https://www.mangakakalot.gg/manga/100-nichigo-ni-kuufuku-de-taore-maid-ni-naru-onna-no-ko/chapter-79"
4568,"Oshiete! Gyaruko-chan","Chapter 99","https://www.mangakakalot.gg/manga/oshiete-gyaruko-chan/chapter-99"
4374,"My Mental Choices Are Completely Interfering with My School Romantic Comedy H","Chapter 7","https://www.mangakakalot.gg/manga/my-mental-choices-are-completely-interfering-with-my-school-romantic-comedy-h/chapter-7"
4272,"The Story Of A Girl With Sanpaku Eyes","Chapter 55","https://www.mangakakalot.gg/manga/the-story-of-a-girl-with-sanpaku-eyes/chapter-55"
4114,"Sakurai-san Wants To Be Noticed","Chapter 26","https://www.mangakakalot.gg/manga/sakurai-san-wants-to-be-noticed/chapter-26"
3921,"Boku To Kimi No Taisetsu Na Hanashi","Chapter 36","https://www.mangakakalot.gg/manga/boku-to-kimi-no-taisetsu-na-hanashi/chapter-36"
3889,"Tachibanakan Triangle","Chapter 38","https://www.mangakakalot.gg/manga/tachibanakan-triangle/chapter-38"
4070,"T-REX na Kanojo","Chapter 27","https://www.mangakakalot.gg/manga/t-rex-na-kanojo/chapter-27"
3944,"25-ji no Ghost Writer","Chapter 25","https://www.mangakakalot.gg/manga/25-ji-no-ghost-writer/chapter-25"
3339,"Seikon No Qwaser","Chapter 118","https://www.mangakakalot.gg/manga/seikon-no-qwaser/chapter-118"
3834,"Honkai Impact 3Rd - Violet Sea Story","Chapter 10","https://www.mangakakalot.gg/manga/honkai-impact-3rd-violet-sea-story/chapter-10"
3764,"Slave Of Black Knight","Chapter 13","https://www.mangakakalot.gg/manga/slave-of-black-knight/chapter-13"
3487,"This Gyaru Will Date the Otaku in 100 Days","Chapter 109","https://www.mangakakalot.gg/manga/this-gyaru-will-date-the-otaku-in-100-days/chapter-109"
3407,"A Gyaru and Otaku who have entered a school where they will have to dropout if they cannot get a lover!","Chapter 1","https://www.mangakakalot.gg/manga/a-gyaru-and-otaku-who-have-entered-a-school-where-they-will-have-to-dropout-if-they-cannot-get-a-lover/chapter-1"
2212,"Fuuka","Chapter 195","https://www.mangakakalot.gg/manga/fuuka/chapter-195"
3024,"Himouto! Umaru-Chan S","Chapter 13","https://www.mangakakalot.gg/manga/himouto-umaru-chan-s/chapter-13"
2486,"Onideka","Chapter 34","https://www.mangakakalot.gg/manga/onideka/chapter-34"
2295,"Hiota no Kanojo ga Ore no Motteru Eroge ni Kyoumi Shinshin Nanda ga......","Chapter 33","https://www.mangakakalot.gg/manga/hiota-no-kanojo-ga-ore-no-motteru-eroge-ni-kyoumi-shinshin-nanda-ga/chapter-33"
2442,"22/7 (Nanabun no Nijyuuni) +α","Chapter 10","https://www.mangakakalot.gg/manga/22-7-nanabun-no-nijyuuni-a/chapter-10"
2305,"Iroiro to Ookii Onnanoko","Chapter 1","https://www.mangakakalot.gg/manga/iroiro-to-ookii-onnanoko/chapter-1"
2123,"Alcohol Is For Married Couples","Chapter 132","https://www.mangakakalot.gg/manga/alcohol-is-for-married-couples/chapter-132"
1409,"Kemono Michi (Natsume Akatsuki)","Not Found",
745,"Pseudo Harem","Chapter 131","https://www.mangakakalot.gg/manga/pseudo-harem/chapter-131"
483,"K-ON!","Chapter 78","https://www.mangakakalot.gg/manga/k-on/chapter-78"
